split,metric,value
test_id,count,1000.0
test_id,mae,0.033861121319423544
test_id,rmse,0.05732436012825312
test_id,mae_px,7.55103005423145
test_id,rmse_px,12.783332308600446
test_id,maxabs,0.6829161494970322
test_id,maxabs_px,152.29030133783817
test_id,endpoint_mae,0.015624135924503207
test_id,endpoint_rmse,0.020641228228392608
test_id,endpoint_mae_px,3.4841823111642154
test_id,endpoint_rmse_px,4.602993894931552
test_id,control_mae,0.05209810671434389
test_id,control_rmse,0.0783970932206719
test_id,control_mae_px,11.617877797298688
test_id,control_rmse_px,17.482551788209832
test_id,target_inside_fraction,0.829125
test_id,prediction_inside_fraction,0.838625
test_id,inside_mae,0.029848577847949864
test_id,outside_mae,0.05333090979512577
test_id,inside_count,6633.0
test_id,outside_count,1367.0
test_id,pred_inside_when_target_inside,0.985376149555254
test_id,pred_inside_when_target_outside,0.12655449890270665
test_id,inside_mae_px,6.656232860092819
test_id,outside_mae_px,11.892792884313046
test_id,control_inside_point_mae,0.056010579025409374
test_id,control_outside_point_mae,0.04923573519672455
test_id,control_inside_point_mae_px,12.490359122666291
test_id,control_outside_point_mae_px,10.979568948869574
test_id,control_inside_point_count,845.0
test_id,control_outside_point_count,1155.0
test_id,samples_with_outside_control_count,818.0
test_id,p1_inside_mae,0.04864404403236492
test_id,p1_outside_mae,0.05518555248965554
test_id,p1_inside_mae_px,10.847621819217377
test_id,p1_outside_mae_px,12.306378205193186
test_id,p1_inside_count,1286.0
test_id,p1_outside_count,714.0
test_id,p1_point_inside_mae,0.052531665614363045
test_id,p1_point_outside_mae,0.04993584109472195
test_id,p1_point_inside_count,402.0
test_id,p1_point_outside_count,598.0
test_id,p2_inside_mae,0.05414464182762979
test_id,p2_outside_mae,0.051303015639085556
test_id,p2_inside_mae_px,12.074255127561443
test_id,p2_outside_mae_px,11.440572487516079
test_id,p2_inside_count,1347.0
test_id,p2_outside_count,653.0
test_id,p2_point_inside_mae,0.059167516251686175
test_id,p2_point_outside_mae,0.04848409547140597
test_id,p2_point_inside_count,443.0
test_id,p2_point_outside_count,557.0
test_id,outside_coordinate_only_mae,0.05333090979512577
test_id,outside_coordinate_only_mae_px,11.892792884313046
test_id,outside_coordinate_only_count,1367.0
test_id,extra_support_coordinate_count,0.0
test_id,extra_support_coordinate_mae,
test_id,extra_support_coordinate_mae_px,
test_id,extra_support_correct_side_fraction,
test_id,curve_t_mae,0.015292467140504648
test_id,curve_t_rmse,0.022783914890194348
test_id,curve_t_mae_px,3.4102201723325365
test_id,curve_t_rmse_px,5.0808130205133395
test_id,p0x_mae,0.009852318003773688
test_id,p0x_rmse,0.013241985991426569
test_id,p0x_rmse_px,2.952962876088125
test_id,p0x_mae_px,2.1970669148415327
test_id,p0x_maxabs,0.06132018566131592
test_id,p0x_maxabs_px,13.67440140247345
test_id,p0y_mae,0.023916765384376048
test_id,p0y_rmse,0.028781965448853208
test_id,p0y_rmse_px,6.418378295094265
test_id,p0y_mae_px,5.333438680715859
test_id,p0y_maxabs,0.11926007270812988
test_id,p0y_maxabs_px,26.594996213912964
test_id,p1x_mae,0.04787365467089694
test_id,p1x_rmse,0.07140637650693511
test_id,p1x_rmse_px,15.92362196104653
test_id,p1x_mae_px,10.675824991610018
test_id,p1x_maxabs,0.395142138004303
test_id,p1x_maxabs_px,88.11669677495956
test_id,p1y_mae,0.0540850704323384
test_id,p1y_rmse,0.07648446818429187
test_id,p1y_rmse_px,17.05603640509709
test_id,p1y_mae_px,12.060970706411464
test_id,p1y_maxabs,0.4204896613955498
test_id,p1y_maxabs_px,93.7691944912076
test_id,p2x_mae,0.05472762446496927
test_id,p2x_rmse,0.08389704503695915
test_id,p2x_rmse_px,18.70904104324189
test_id,p2x_mae_px,12.204260255688146
test_id,p2x_maxabs,0.6829161494970322
test_id,p2x_maxabs_px,152.29030133783817
test_id,p2y_mae,0.05170607728917093
test_id,p2y_rmse,0.08122166125231121
test_id,p2y_rmse_px,18.1124304592654
test_id,p2y_mae_px,11.530455235485118
test_id,p2y_maxabs,0.5389947295188904
test_id,p2y_maxabs_px,120.19582468271255
test_id,p3x_mae,0.01471955382823944
test_id,p3x_rmse,0.018522824684151274
test_id,p3x_rmse_px,4.130589904565734
test_id,p3x_mae_px,3.2824605036973953
test_id,p3x_maxabs,0.13185268640518188
test_id,p3x_maxabs_px,29.40314906835556
test_id,p3y_mae,0.01400790648162365
test_id,p3y_rmse,0.018904878966299853
test_id,p3y_rmse_px,4.215788009484867
test_id,p3y_mae_px,3.123763145402074
test_id,p3y_maxabs,0.1074710488319397
test_id,p3y_maxabs_px,23.966043889522552
test_id,train_mean_constant_mae_px,57.724206740617376
test_id,model_to_constant_mae_ratio,0.13081219267614816
test_id,improvement_over_constant_fraction,0.8691878073238518
test_hole,count,1000.0
test_hole,mae,0.03135428937296774
test_hole,rmse,0.053208776648702764
test_hole,mae_px,6.992006530171806
test_hole,rmse_px,11.865557192660717
test_hole,maxabs,0.5116929113864899
test_hole,maxabs_px,114.10751923918724
test_hole,endpoint_mae,0.013623312652111053
test_hole,endpoint_rmse,0.01740394792969539
test_hole,endpoint_mae_px,3.037998721420765
test_hole,endpoint_rmse_px,3.8810803883220717
test_hole,control_mae,0.04908526609382443
test_hole,control_rmse,0.07320826743861328
test_hole,control_mae_px,10.946014338922847
test_hole,control_rmse_px,16.32544363881076
test_hole,target_inside_fraction,0.91475
test_hole,prediction_inside_fraction,0.92425
test_hole,inside_mae,0.029442070720077537
test_hole,outside_mae,0.05187278805603303
test_hole,inside_count,7318.0
test_hole,outside_count,682.0
test_hole,pred_inside_when_target_inside,0.9953539218365673
test_hole,pred_inside_when_target_outside,0.16129032258064516
test_hole,inside_mae_px,6.565581770577291
test_hole,outside_mae_px,11.567631736495365
test_hole,control_inside_point_mae,0.05192293576823299
test_hole,control_outside_point_mae,0.0436013238198208
test_hole,control_inside_point_mae_px,11.578814676315956
test_hole,control_outside_point_mae_px,9.723095211820038
test_hole,control_inside_point_count,1318.0
test_hole,control_outside_point_count,682.0
test_hole,samples_with_outside_control_count,569.0
test_hole,p1_inside_mae,0.04938908138637202
test_hole,p1_outside_mae,0.049079901312401544
test_hole,p1_inside_mae_px,11.01376514916096
test_hole,p1_outside_mae_px,10.944817992665545
test_hole,p1_inside_count,1655.0
test_hole,p1_outside_count,345.0
test_hole,p1_point_inside_mae,0.05391792318714162
test_hole,p1_point_outside_mae,0.04063625546676622
test_hole,p1_point_inside_count,655.0
test_hole,p1_point_outside_count,345.0
test_hole,p2_inside_mae,0.04763974337139958
test_hole,p2_outside_mae,0.054731974781709186
test_hole,p2_inside_mae_px,10.623662771822106
test_hole,p2_outside_mae_px,12.205230376321149
test_hole,p2_inside_count,1663.0
test_hole,p2_outside_count,337.0
test_hole,p2_point_inside_mae,0.04995202059570635
test_hole,p2_point_outside_mae,0.04663677955217637
test_hole,p2_point_inside_count,663.0
test_hole,p2_point_outside_count,337.0
test_hole,outside_coordinate_only_mae,0.05187278805603303
test_hole,outside_coordinate_only_mae_px,11.567631736495365
test_hole,outside_coordinate_only_count,682.0
test_hole,extra_support_coordinate_count,0.0
test_hole,extra_support_coordinate_mae,
test_hole,extra_support_coordinate_mae_px,
test_hole,extra_support_correct_side_fraction,
test_hole,curve_t_mae,0.015048498134565491
test_hole,curve_t_rmse,0.022389346823276552
test_hole,curve_t_mae_px,3.3558150840081047
test_hole,curve_t_rmse_px,4.992824341590671
test_hole,p0x_mae,0.009588123440742493
test_hole,p0x_rmse,0.012574306050929273
test_hole,p0x_rmse_px,2.804070249357228
test_hole,p0x_mae_px,2.1381515272855762
test_hole,p0x_maxabs,0.061728209257125854
test_hole,p0x_maxabs_px,13.765390664339066
test_hole,p0y_mae,0.019598101899027824
test_hole,p0y_rmse,0.023645548347074746
test_hole,p0y_rmse_px,5.272957281397669
test_hole,p0y_mae_px,4.370376723483205
test_hole,p0y_maxabs,0.10263240337371826
test_hole,p0y_maxabs_px,22.887025952339172
test_hole,p1x_mae,0.049435815803706644
test_hole,p1x_rmse,0.08064391457755367
test_hole,p1x_rmse_px,17.983592950794467
test_hole,p1x_mae_px,11.024186924226582
test_hole,p1x_maxabs,0.47578129172325134
test_hole,p1x_maxabs_px,106.09922805428505
test_hole,p1y_mae,0.04923567984351757
test_hole,p1y_rmse,0.06764080988182873
test_hole,p1y_rmse_px,15.083900603647807
test_hole,p1y_mae_px,10.979556605104419
test_hole,p1y_maxabs,0.3573418855667114
test_hole,p1y_maxabs_px,79.68724048137665
test_hole,p2x_mae,0.04799338848458137
test_hole,p2x_rmse,0.06662132961774526
test_hole,p2x_rmse_px,14.856556504757194
test_hole,p2x_mae_px,10.702525632061645
test_hole,p2x_maxabs,0.3859482407569885
test_hole,p2x_maxabs_px,86.06645768880844
test_hole,p2y_mae,0.04967618024349213
test_hole,p2y_rmse,0.07694595509548482
test_hole,p2y_rmse_px,17.158947986293114
test_hole,p2y_mae_px,11.077788194298744
test_hole,p2y_maxabs,0.5116929113864899
test_hole,p2y_maxabs_px,114.10751923918724
test_hole,p3x_mae,0.01371220451593399
test_hole,p3x_rmse,0.015888650376801604
test_hole,p3x_rmse_px,3.5431690340267576
test_hole,p3x_mae_px,3.0578216070532798
test_hole,p3x_maxabs,0.050516724586486816
test_hole,p3x_maxabs_px,11.26522958278656
test_hole,p3y_mae,0.011594820752739906
test_hole,p3y_rmse,0.015553625753041317
test_hole,p3y_rmse_px,3.4684585429282135
test_hole,p3y_mae_px,2.585645027860999
test_hole,p3y_maxabs,0.10590952634811401
test_hole,p3y_maxabs_px,23.617824375629425
test_hole,train_mean_constant_mae_px,39.48386340918966
test_hole,model_to_constant_mae_ratio,0.17708516660870763
test_hole,improvement_over_constant_fraction,0.8229148333912923
test_extra,count,1000.0
test_extra,mae,0.049054112404108306
test_extra,rmse,0.08159939634474203
test_extra,mae_px,10.939067066116152
test_extra,rmse_px,18.196665384877473
test_extra,maxabs,0.8553903233259916
test_extra,maxabs_px,190.75204210169613
test_extra,endpoint_mae,0.019474988490343095
test_extra,endpoint_rmse,0.02707734838810825
test_extra,endpoint_mae_px,4.34292243334651
test_extra,endpoint_rmse_px,6.03824869054814
test_extra,control_mae,0.07863323631787353
test_extra,control_rmse,0.11217727119127835
test_extra,control_mae_px,17.535211698885796
test_extra,control_rmse_px,25.01553147565507
test_extra,target_inside_fraction,0.7465
test_extra,prediction_inside_fraction,0.75675
test_extra,inside_mae,0.0368973083360542
test_extra,outside_mae,0.08485314292403884
test_extra,inside_count,5972.0
test_extra,outside_count,2028.0
test_extra,pred_inside_when_target_inside,0.9763898191560616
test_extra,pred_inside_when_target_outside,0.10996055226824458
test_extra,inside_mae_px,8.228099758940086
test_extra,outside_mae_px,18.922250872060662
test_extra,control_inside_point_mae,0.09124125072204053
test_extra,control_outside_point_mae,0.07522090205092616
test_extra,control_inside_point_mae_px,20.34679891101504
test_extra,control_outside_point_mae_px,16.774261157356534
test_extra,control_inside_point_count,426.0
test_extra,control_outside_point_count,1574.0
test_extra,samples_with_outside_control_count,1000.0
test_extra,p1_inside_mae,0.07255615676196384
test_extra,p1_outside_mae,0.08735227099148668
test_extra,p1_inside_mae_px,16.180022957917934
test_extra,p1_outside_mae_px,19.47955643110153
test_extra,p1_inside_count,1001.0
test_extra,p1_outside_count,999.0
test_extra,p1_point_inside_mae,0.09132271995292893
test_extra,p1_point_outside_mae,0.07668191669254484
test_extra,p1_point_inside_count,223.0
test_extra,p1_point_outside_count,777.0
test_extra,p2_inside_mae,0.07190737229950311
test_extra,p2_outside_mae,0.08242687573319299
test_extra,p2_inside_mae_px,16.035344022789193
test_extra,p2_outside_mae_px,18.381193288502036
test_extra,p2_inside_count,971.0
test_extra,p2_outside_count,1029.0
test_extra,p2_point_inside_mae,0.09115175496594145
test_extra,p2_point_outside_mae,0.07379655026104195
test_extra,p2_point_inside_count,203.0
test_extra,p2_point_outside_count,797.0
test_extra,outside_coordinate_only_mae,0.08485314292403884
test_extra,outside_coordinate_only_mae_px,18.922250872060662
test_extra,outside_coordinate_only_count,2028.0
test_extra,extra_support_coordinate_count,1000.0
test_extra,extra_support_coordinate_mae,0.09528684969432652
test_extra,extra_support_coordinate_mae_px,21.248967481834814
test_extra,extra_support_correct_side_fraction,0.503
test_extra,curve_t_mae,0.021415187222066596
test_extra,curve_t_rmse,0.030842619180270398
test_extra,curve_t_mae_px,4.775586750520851
test_extra,curve_t_rmse_px,6.877904077200299
test_extra,p0x_mae,0.01297159270197153
test_extra,p0x_rmse,0.01898325805459572
test_extra,p0x_rmse_px,4.233266546174845
test_extra,p0x_mae_px,2.892665172539651
test_extra,p0x_maxabs,0.12317675352096558
test_extra,p0x_maxabs_px,27.468416035175323
test_extra,p0y_mae,0.02842656973749399
test_extra,p0y_rmse,0.0364788877460126
test_extra,p0y_rmse_px,8.13479196736081
test_extra,p0y_mae_px,6.33912505146116
test_extra,p0y_maxabs,0.28095853328704834
test_extra,p0y_maxabs_px,62.65375292301178
test_extra,p1x_mae,0.07784564659488387
test_extra,p1x_rmse,0.11329239514800009
test_extra,p1x_rmse_px,25.26420411800402
test_extra,p1x_mae_px,17.3595791906591
test_extra,p1x_maxabs,0.8553903233259916
test_extra,p1x_maxabs_px,190.75204210169613
test_extra,p1y_mae,0.08204798504433711
test_extra,p1y_rmse,0.11521296278342893
test_extra,p1y_rmse_px,25.692490700704653
test_extra,p1y_mae_px,18.296700664887176
test_extra,p1y_maxabs,0.5630678534507751
test_extra,p1y_maxabs_px,125.56413131952286
test_extra,p2x_mae,0.07972050070681144
test_extra,p2x_rmse,0.11425975795679456
test_extra,p2x_rmse_px,25.479926024365188
test_extra,p2x_mae_px,17.777671657618953
test_extra,p2x_maxabs,0.5952550768852234
test_extra,p2x_maxabs_px,132.74188214540482
test_extra,p2y_mae,0.07491881292546168
test_extra,p2y_rmse,0.10569046696667954
test_extra,p2y_rmse_px,23.568974133569537
test_extra,p2y_mae_px,16.706895282377953
test_extra,p2y_maxabs,0.6265479922294617
test_extra,p2y_maxabs_px,139.72020226716995
test_extra,p3x_mae,0.017858291387557984
test_extra,p3x_rmse,0.02321480784255676
test_extra,p3x_rmse_px,5.176902148890158
test_extra,p3x_mae_px,3.9823989794254304
test_extra,p3x_maxabs,0.1270769238471985
test_extra,p3x_maxabs_px,28.338154017925262
test_extra,p3y_mae,0.01864350013434887
test_extra,p3y_rmse,0.026509065283475335
test_extra,p3y_rmse_px,5.911521558215
test_extra,p3y_mae_px,4.157500529959798
test_extra,p3y_maxabs,0.18802079558372498
test_extra,p3y_maxabs_px,41.92863741517067
test_extra,train_mean_constant_mae_px,69.57026301299497
test_extra,model_to_constant_mae_ratio,0.15723768449851702
test_extra,improvement_over_constant_fraction,0.842762315501483
