id,sigma_min,sigma_max,rank,condition,prediction_error_px,sigma_1,sigma_2,sigma_3,sigma_4,sigma_5,sigma_6,jtj_0_0,jtj_0_1,jtj_0_2,jtj_0_3,jtj_0_4,jtj_0_5,jtj_1_0,jtj_1_1,jtj_1_2,jtj_1_3,jtj_1_4,jtj_1_5,jtj_2_0,jtj_2_1,jtj_2_2,jtj_2_3,jtj_2_4,jtj_2_5,jtj_3_0,jtj_3_1,jtj_3_2,jtj_3_3,jtj_3_4,jtj_3_5,jtj_4_0,jtj_4_1,jtj_4_2,jtj_4_3,jtj_4_4,jtj_4_5,jtj_5_0,jtj_5_1,jtj_5_2,jtj_5_3,jtj_5_4,jtj_5_5
minimal-test-000299,1.237604461966992,7.257657940811552,6,5.8642790680283765,3.7779695987701416,7.257657940811552,6.821324773817338,3.554775332019261,1.8105855869608038,1.4418209291445836,1.237604461966992,21.244216218622512,-18.85603872077153,6.714753397137721,-5.248657933489298,2.0543572334979743,0.4338328941325984,-18.85603872077153,25.949524583253776,-5.292032416588638,13.972300887947767,0.701565159560556,4.6563520333242225,6.714753397137721,-5.292032416588638,8.624002899498581,1.5712225295891773,9.84864278363851,6.432815869948194,-5.248657933489298,13.972300887947767,1.5712225295891773,17.167373833928995,6.4549739105882,10.10073368072719,2.0543572334979743,0.701565159560556,9.84864278363851,6.4549739105882,31.903656324866546,15.627291785178116,0.4338328941325984,4.6563520333242225,6.432815869948194,10.10073368072719,15.627291785178116,13.840456820391548
minimal-test-000261,1.0598481320850393,7.295021600778172,6,6.883082000084933,5.364240646362305,7.295021600778172,5.242381754233494,2.7815792571825737,1.508596173919129,1.2328985204968,1.0598481320850393,28.11841131632391,13.295928560285764,11.835685908350273,8.280698912462585,2.1850497061569722,2.6160849020980943,13.295928560285764,10.231033256303606,8.48873114360123,7.623165322501547,2.34741103848947,3.82217733430518,11.835685908350273,8.48873114360123,10.456054899220035,9.422586542105947,3.4042296756665626,4.78481583115272,8.280698912462585,7.623165322501547,9.422586542105947,14.021772049914732,4.560939009045883,12.728740977055317,2.1850497061569722,2.34741103848947,3.4042296756665626,4.560939009045883,3.7044369171960714,2.7003206817857857,2.6160849020980943,3.82217733430518,4.78481583115272,12.728740977055317,2.7003206817857857,26.82456057886117
minimal-test-000004,1.033799725173375,8.02586171066251,6,7.763458932354155,4.396194934844971,8.02586171066251,6.0595129500321265,3.525449542996235,1.6793542895634013,1.3660856358198497,1.033799725173375,27.637884636152926,-8.540342917259496,9.442637841492804,-5.512373164952256,1.511759588366937,-0.8792968967271003,-8.540342917259496,8.902817572290347,-5.847405990991165,9.355448559598129,-0.9640813775128785,5.521375927413446,9.442637841492804,-5.847405990991165,6.581093874096474,-4.432360051727663,2.4697713833627133,1.3868860569827053,-5.512373164952256,9.355448559598129,-4.432360051727663,21.42902010327551,1.8094197729473045,21.440143155165106,1.511759588366937,-0.9640813775128785,2.4697713833627133,1.8094197729473045,7.11721549145257,12.634161165555549,-0.8792968967271003,5.521375927413446,1.3868860569827053,21.440143155165106,12.634161165555549,47.648078859267
minimal-test-000076,1.04894972276973,9.117326135149314,6,8.691861904567936,4.3945536613464355,9.117326135149314,5.632528606362232,3.103728834965217,1.4922540068353813,1.415305576384059,1.04894972276973,42.92301725510464,27.039664957486245,18.169694936117143,13.209619909783088,4.10774577246476,3.4299983050137275,27.039664957486245,20.781491840745012,14.223368897804214,11.846178970090213,4.065651591927622,4.4679375599640725,18.169694936117143,14.223368897804214,16.436009462881014,14.817463157103793,6.0996662402706185,7.062555378360498,13.209619909783088,11.846178970090213,14.817463157103793,18.20959431226193,7.305860283792168,13.832646297353367,4.10774577246476,4.065651591927622,6.0996662402706185,7.305860283792168,5.433536333106229,4.8185304652906895,3.4299983050137275,4.4679375599640725,7.062555378360498,13.832646297353367,4.8185304652906895,26.030705249420027
minimal-test-000086,1.2094278879182574,7.774754113182003,6,6.428456124460959,5.3940229415893555,7.774754113182003,6.025187702998809,3.226462232636446,1.6137430151680516,1.27532200292716,1.2094278879182574,29.954527768623784,13.591346521860379,11.477472154439116,7.850327577109275,2.1145856466224835,2.310194201046432,13.591346521860379,11.254374352409807,8.625059657168968,9.175989430085755,2.2791824278731103,4.667095736306503,11.477472154439116,8.625059657168968,9.986549659624195,9.592358726306422,3.0432317717391975,4.065665140102882,7.850327577109275,9.175989430085755,9.592358726306422,19.4016237385477,4.023787730369924,18.21277813344836,2.1145856466224835,2.2791824278731103,3.0432317717391975,4.023787730369924,3.514708270835568,-0.01784294681925041,2.310194201046432,4.667095736306503,4.065665140102882,18.21277813344836,-0.01784294681925041,38.74129167162507
minimal-test-000381,0.8508086743354264,8.687266574238041,6,10.210599440613057,4.5397047996521,8.687266574238041,3.896769156110504,3.429215687853499,1.8007143732700734,1.4594182250088787,0.8508086743354264,8.265030447772789,-1.2974410039070092,5.6276545882514215,2.8293399548000027,2.190116723704732,2.146837077832222,-1.2974410039070092,11.138706806115692,3.3367597628648404,6.666941886640275,2.8095596189183727,4.3237985233581435,5.6276545882514215,3.3367597628648404,9.061981535261163,9.786131502982455,6.971308417975032,10.10809033989413,2.8293399548000027,6.666941886640275,9.786131502982455,16.296124553307152,11.75038659690455,18.99973066759383,2.190116723704732,2.8095596189183727,6.971308417975032,11.75038659690455,17.018330357878433,25.588824739182158,2.146837077832222,4.3237985233581435,10.10809033989413,18.99973066759383,25.588824739182158,46.72910613128693
minimal-test-000384,1.1454527483448673,9.701154380262327,6,8.46927504803677,2.2003836631774902,9.701154380262327,4.879531745768799,4.251434425639358,2.093942373910189,1.5496386387179262,1.1454527483448673,21.253368011011585,0.2228607089622346,7.576376699236335,-0.34077725234974166,2.0582523338856236,-1.7084994154252107,0.2228607089622346,8.647651239417335,-0.7815264899532796,9.75710453748493,-2.0975352680560237,6.202930432112929,7.576376699236335,-0.7815264899532796,9.646951098522194,-7.621573411908332,10.087910332842279,-13.44163918522201,-0.34077725234974166,9.75710453748493,-7.621573411908332,22.021745996873687,-12.517843306848883,22.01499223150589,2.0582523338856236,-2.0975352680560237,10.087910332842279,-12.517843306848883,30.442973357235047,-36.48982881033676,-1.7084994154252107,6.202930432112929,-13.44163918522201,22.01499223150589,-36.48982881033676,52.082267914654985
minimal-test-000212,1.0343888737008926,8.310442756564841,6,8.034157141338236,6.485159397125244,8.310442756564841,5.517165338508563,3.6125763864594456,1.706596115369177,1.3394702187916325,1.0343888737008926,5.110872991080962,-9.82097740975475,4.315601877325001,-7.480645292839358,2.75727721058467,-2.544746985259244,-9.82097740975475,50.7898871542081,-7.231751765112365,21.61808488904822,-2.5690591857658114,4.876469236796025,4.315601877325001,-7.231751765112365,10.990916536276815,-9.675422588834005,11.270273136079048,-4.584485737650179,-7.480645292839358,21.61808488904822,-9.675422588834005,18.96571119951248,-4.744083242229351,6.774162145658914,2.75727721058467,-2.5690591857658114,11.270273136079048,-4.744083242229351,25.542788039643952,1.1001931202764321,-2.544746985259244,4.876469236796025,-4.584485737650179,6.774162145658914,1.1001931202764321,6.929715519922565
minimal-test-000341,1.177218981446434,8.02568507639942,6,6.817495472710067,4.943753242492676,8.02568507639942,6.39551777760296,3.844010301099962,1.8554882013931253,1.38844886885374,1.177218981446434,34.15849945588258,-0.19111733432479713,13.5441243569868,3.8299268905546966,2.539002558948416,1.591382214378126,-0.19111733432479713,6.577151355095413,4.059067178750586,6.863532683770677,1.5415452516791024,4.9888378024139906,13.5441243569868,4.059067178750586,10.708078055432415,5.718874452286358,3.2380138874722,1.2576093686385224,3.8299268905546966,6.863532683770677,5.718874452286358,19.083289038518448,0.5479424002716554,21.56211060295576,2.539002558948416,1.5415452516791024,3.2380138874722,0.5479424002716554,5.3889357401457305,-8.057465628680664,1.591382214378126,4.9888378024139906,1.2576093686385224,21.56211060295576,-8.057465628680664,50.931201396272016
minimal-test-000079,1.1795953221902677,7.648566011511099,6,6.48405929357983,5.313587665557861,7.648566011511099,6.8291613444231976,3.456819163280314,2.0452745680625966,1.454671364520186,1.1795953221902677,29.455392669731282,-23.068152861362403,9.22086098655148,-7.280200039847093,2.62784471822498,0.16801769550412754,-23.068152861362403,25.400396717646743,-7.269056665694599,12.852456139454686,0.26047044348785253,3.5374217866612865,9.22086098655148,-7.269056665694599,10.800165002684077,-0.5568638736812804,11.026033406554342,5.187684370725415,-7.280200039847093,12.852456139454686,-0.5568638736812804,14.42457962269875,4.953924154765392,7.462118163169407,2.62784471822498,0.26047044348785253,11.026033406554342,4.953924154765392,34.68992663051058,13.220485546342717,0.16801769550412754,3.5374217866612865,5.187684370725415,7.462118163169407,13.220485546342717,10.007806746609317
minimal-test-000156,1.1463611097694104,8.444797168358447,6,7.366611704105272,4.268243789672852,8.444797168358447,6.463813870524252,3.3430960815225985,1.5151441162244885,1.3787423170936544,1.1463611097694104,10.552741451972942,15.358089542734305,2.5461898659245823,4.318765376248538,0.7890525013109818,-0.3113099711562184,15.358089542734305,37.555941495743156,3.8110136378897965,21.46004542462409,-0.35540250754441216,7.151885271946463,2.5461898659245823,3.8110136378897965,3.452406986896064,-1.9221541392973305,4.201803979216958,-6.290803896858308,4.318765376248538,21.46004542462409,-1.9221541392973305,29.344074087696068,-6.190649011238481,19.12580321248869,0.7890525013109818,-0.35540250754441216,4.201803979216958,-6.190649011238481,15.640928023578706,-18.92917854492014,-0.3113099711562184,7.151885271946463,-6.290803896858308,19.12580321248869,-18.92917854492014,33.23642419576761
minimal-test-000173,1.4345800335898262,8.70979914376678,6,6.071323272199589,5.540552616119385,8.70979914376678,8.498173201768186,4.156253751089348,2.257282414256692,1.5938071494504682,1.4345800335898262,43.32768770198712,-28.216202045360625,13.682281874214825,-9.259364900644352,3.2762536121474732,-0.04512897179569002,-28.216202045360625,26.965569986981713,-9.731308811787242,15.885594520624151,-0.34428622974244144,5.883525426238033,13.682281874214825,-9.731308811787242,14.02669681162225,-0.5428211900228501,13.077118755726694,9.372248296922253,-9.259364900644352,15.885594520624151,-0.5428211900228501,22.81221428249949,8.45742808465979,15.713498824366342,3.2762536121474732,-0.34428622974244144,13.077118755726694,8.45742808465979,40.40022508785648,27.533807553794926,-0.04512897179569002,5.883525426238033,9.372248296922253,15.713498824366342,27.533807553794926,27.51516526463526
minimal-test-000286,0.680087683869622,7.777657949031416,6,11.436257608397526,3.9518351554870605,7.777657949031416,3.757404103866223,2.909192931134197,1.5390131044172712,1.3152906433997846,0.680087683869622,8.863040129722911,0.34923808780047966,4.118489475447041,3.1285852758859525,1.2513704339306526,1.665687181599219,0.34923808780047966,7.328973470788098,3.480262035233483,7.023279218277723,1.8914607482426522,4.39208810076318,4.118489475447041,3.480262035233483,4.945754605082773,7.5358473329418905,2.9746034899526235,6.758845933525914,3.1285852758859525,7.023279218277723,7.5358473329418905,17.013236243980156,6.867265206055187,18.377672974554745,1.2513704339306526,1.8914607482426522,2.9746034899526235,6.867265206055187,6.166350358907178,13.32276072139095,1.665687181599219,4.39208810076318,6.758845933525914,18.377672974554745,13.32276072139095,43.31716754389663
minimal-test-000237,1.2298690404384278,8.176996878691163,6,6.6486728341224035,4.163758754730225,8.176996878691163,5.807414424462284,3.04512665170648,1.6735936908784967,1.3796577077553394,1.2298690404384278,31.58383132555854,5.717153834028163,16.061544672743818,6.772041856230505,4.704387088713479,3.1763290455070883,5.717153834028163,4.917967297621662,6.577639089404826,4.451009114974966,2.7259402812050744,2.4329880875280394,16.061544672743818,6.577639089404826,18.54892868394634,12.304730509987214,9.803120914760244,10.240354400883444,6.772041856230505,4.451009114974966,12.304730509987214,12.655485993416962,10.193525133092452,13.444423335238229,4.704387088713479,2.7259402812050744,9.803120914760244,10.193525133092452,13.649820446288537,17.68515799606879,3.1763290455070883,2.4329880875280394,10.240354400883444,13.444423335238229,17.68515799606879,34.723051919024684
minimal-test-000266,0.9243830804491392,10.765262531662149,6,11.645888765544608,5.36406135559082,10.765262531662149,5.312112493495885,3.639358189048912,1.738168576979247,1.5472416954022088,0.9243830804491392,48.748353268595025,-44.39274362972313,19.566464386953037,-19.148232216633925,4.34841555780809,-4.612029177956584,-44.39274362972313,45.33224861731183,-20.253905573803593,21.01620720306096,-4.945741056907513,6.220177259220679,19.566464386953037,-20.253905573803593,16.69246964649149,-17.88273780999327,6.29112227897695,-5.994322403525679,-19.148232216633925,21.01620720306096,-17.88273780999327,24.860136132748295,-6.349243950848312,14.408315038297452,4.34841555780809,-4.945741056907513,6.29112227897695,-6.349243950848312,8.597204608831547,1.1329322857955813,-4.612029177956584,6.220177259220679,-5.994322403525679,14.408315038297452,1.1329322857955813,19.39360321879296
minimal-test-000096,1.1841439541792604,6.9852364740558475,6,5.898975753245618,6.344717025756836,6.9852364740558475,6.261267582533971,3.512519709724448,1.8648813962870376,1.331989777909278,1.1841439541792604,12.202313079098735,15.195206605654235,4.25710085654632,2.744040643354289,2.5585999944640165,-0.4514319737971441,15.195206605654235,33.73220612128293,2.653863988814478,15.053790752275859,-0.4110651856058327,4.0425180826687965,4.25710085654632,2.653863988814478,9.777900986511158,-2.3365521760174635,11.911697945654295,-3.0760048076964974,2.744040643354289,15.053790752275859,-2.3365521760174635,14.083145283848824,-3.0085213467195175,5.266765069726145,2.5585999944640165,-0.4110651856058327,11.911697945654295,-3.0085213467195175,32.55405002646482,-2.3478987727988785,-0.4514319737971441,4.0425180826687965,-3.0760048076964974,5.266765069726145,-2.3478987727988785,4.639355847458806
minimal-test-000026,0.9927763488770601,8.083464341231261,6,8.142281340983349,3.0660245418548584,8.083464341231261,5.178481320367947,3.634488586316828,1.7235091791082933,1.4109422176341724,0.9927763488770601,22.58769392206774,-0.17175699187627083,8.047284174971725,2.484152771402677,1.6976337788655766,0.6844538142054205,-0.17175699187627083,6.7155120949523575,2.6058492556881143,7.798417743595254,0.6029750881834214,5.340331661395492,8.047284174971725,2.6058492556881143,5.867057619207814,2.251632213479073,2.1540108366331276,-1.7988318739805282,2.484152771402677,7.798417743595254,2.251632213479073,20.733551622582574,-2.48407148235111,22.71046748628645,1.6976337788655766,0.6029750881834214,2.1540108366331276,-2.48407148235111,5.921941277191704,-11.4401062870682,0.6844538142054205,5.340331661395492,-1.7988318739805282,22.71046748628645,-11.4401062870682,49.48966200028486
minimal-test-000466,1.3886623044126278,9.265018439621324,6,6.671901736066936,3.070479154586792,9.265018439621324,7.22841714712304,4.1697305768306085,1.9778734217683858,1.6106831401502792,1.3886623044126278,47.44913067964114,30.592443600806323,16.21288456450118,12.859311516136952,3.131660711670289,2.1225248773256564,30.592443600806323,26.426521963769147,13.51507706922638,15.716323618908346,2.3260320179269947,6.167190345773385,16.21288456450118,13.51507706922638,12.974931643817662,8.364758565871883,6.87506218091812,-2.219103044676476,12.859311516136952,15.716323618908346,8.364758565871883,23.857408585302302,-2.571965269359378,17.372879330381387,3.131660711670289,2.3260320179269947,6.87506218091812,-2.571965269359378,22.084846623153606,-18.96075256736681,2.1225248773256564,6.167190345773385,-2.219103044676476,17.372879330381387,-18.96075256736681,31.119061173216554
minimal-test-000094,1.1308583299407482,8.255282744314073,6,7.300014976010843,2.01375412940979,8.255282744314073,5.696751636870326,3.358651781490131,1.59106306797764,1.3819062020708723,1.1308583299407482,6.342686634021797,-2.8149382444971462,7.148085008785649,-6.338141221221606,5.4754814837154875,-3.7101339248934857,-2.8149382444971462,28.364805205715147,-5.821996388288429,13.090619512374662,-2.8626074991543455,3.5408562490900497,7.148085008785649,-5.821996388288429,17.520798307885254,-11.491677416200687,18.756290280409548,-9.633436793698959,-6.338141221221606,13.090619512374662,-11.491677416200687,13.491916463617033,-8.819557261221481,6.392896171540508,5.4754814837154875,-2.8626074991543455,18.756290280409548,-8.819557261221481,43.532624175078524,-14.307543710703232,-3.7101339248934857,3.5408562490900497,-9.633436793698959,6.392896171540508,-14.307543710703232,8.350370403744286
minimal-test-000184,1.1979478636928085,7.396358685489069,6,6.174190805507148,7.166566371917725,7.396358685489069,7.055282102576874,3.7796088262120504,1.8795172042966017,1.3922208222676355,1.1979478636928085,12.360454154837317,-15.206241594404645,4.302046927975983,-2.2738986395211676,2.0870354322284457,1.105117881983948,-15.206241594404645,37.097735434315325,-0.9331441193034943,16.39881972178849,1.4053318976010878,3.6374953832295445,4.302046927975983,-0.9331441193034943,12.358787729280165,4.547512767361845,16.001499159985343,4.677426219943313,-2.2738986395211676,16.39881972178849,4.547512767361845,14.47622526679517,4.412281655990281,5.3431158114117085,2.0870354322284457,1.4053318976010878,16.001499159985343,4.412281655990281,44.244479173750086,4.085438701896879,1.105117881983948,3.6374953832295445,4.677426219943313,5.3431158114117085,4.085438701896879,5.1368312948817865
minimal-test-000034,0.9498950451481446,7.140574945691987,6,7.517225173627841,3.871562957763672,7.140574945691987,5.185697530866034,2.703235259622191,1.4522288072249678,1.2012667856977899,0.9498950451481446,4.3556096388718855,-6.737805617344975,3.5557389196146865,-5.788085305609173,1.956146511028159,-2.254565393423163,-6.737805617344975,31.023356863170086,-5.761293789029769,14.25996929327286,-2.420964081983555,3.7253214293615025,3.5557389196146865,-5.761293789029769,9.380492361568802,-9.294610478586856,9.833502697783905,-6.830210946715282,-5.788085305609173,14.25996929327286,-9.294610478586856,14.366281824548983,-6.639906502906171,6.676513672462446,1.956146511028159,-2.420964081983555,9.833502697783905,-6.639906502906171,23.078896564344678,-9.209832771888712,-2.254565393423163,3.7253214293615025,-6.830210946715282,6.676513672462446,-9.209832771888712,7.436424048786182
minimal-test-000437,0.8299119770994572,9.158293525921321,6,11.035258893273912,8.156972885131836,9.158293525921321,4.1496217315068185,3.083175347487456,1.7881936642614678,1.5026831520006274,0.8299119770994572,32.077201675877326,32.69327107545086,14.459987778744397,13.836385593725499,3.855668423551339,2.7639158164627498,32.69327107545086,38.43115361762896,14.322798956047556,14.175130619786039,3.0350418997936863,2.712087272000303,14.459987778744397,14.322798956047556,15.952671536343292,12.23008006429696,8.276058662435558,3.616509259749648,13.836385593725499,14.175130619786039,12.23008006429696,12.264119854641194,3.780889270196095,4.639294880670132,3.855668423551339,3.0350418997936863,8.276058662435558,3.780889270196095,9.827466985704952,-0.21633726257387495,2.7639158164627498,2.712087272000303,3.616509259749648,4.639294880670132,-0.21633726257387495,8.191504500629225
minimal-test-000349,0.8709933832207978,8.81027161803906,6,10.11519925152594,5.375388145446777,8.81027161803906,4.585666166420176,3.0439871836214034,1.666566820258564,1.4621861926587714,0.8709933832207978,24.825486674517293,-28.13390365473532,12.396471978769725,-13.114288174556304,4.2682781011369695,-2.918663074298346,-28.13390365473532,38.30153145081562,-13.236905934759527,14.874521297217141,-3.2975716659212706,3.293310764801564,12.396471978769725,-13.236905934759527,15.642682512275048,-12.562606477912514,10.176827007082789,-4.707320268657568,-13.114288174556304,14.874521297217141,-12.562606477912514,13.247249966571596,-4.956240892735088,4.7097589402046225,4.2682781011369695,-3.2975716659212706,10.176827007082789,-4.956240892735088,15.524948869253581,-0.14614416654461268,-2.918663074298346,3.293310764801564,-4.707320268657568,4.7097589402046225,-0.14614416654461268,6.047241576096667
minimal-test-000133,0.7459235217358096,7.047354628993882,6,9.447824641049337,3.5919811725616455,7.047354628993882,4.955503723637098,2.4395380536094486,1.398864544956427,1.2469261000651055,0.7459235217358096,5.9600658423772535,9.74755984801328,1.0313141972475262,2.7749440311255213,0.3591282557412943,-0.04662604516207353,9.74755984801328,28.85180113957347,2.1556433917521245,15.525484022176403,-0.15998362757412327,5.500911408681118,1.0313141972475262,2.1556433917521245,1.3652225247397436,-0.5209815315014895,1.663431410418198,-3.0465104301524524,2.7749440311255213,15.525484022176403,-0.5209815315014895,20.465582264087544,-3.6646594746286305,13.896783359040782,0.3591282557412943,-0.15998362757412327,1.663431410418198,-3.6646594746286305,6.888461326251631,-8.634834665620058,-0.04662604516207353,5.500911408681118,-3.0465104301524524,13.896783359040782,-8.634834665620058,20.71048585420006
minimal-test-000087,0.8484491049348822,9.411968210208435,6,11.093144132588597,4.143781661987305,9.411968210208435,6.449024808438425,3.0371565905457367,1.576983622572187,1.363003428341656,0.8484491049348822,7.364693234864751,13.146004452843227,5.987155418812404,10.156606355505163,3.3761849528754855,4.0104360036498266,13.146004452843227,40.44653275089991,10.271989390118788,20.469457042212305,4.359023779037756,6.139403038312274,5.987155418812404,10.271989390118788,14.320326414062354,17.234572783225484,14.805100447177777,14.498782978605389,10.156606355505163,20.469457042212305,17.234572783225484,24.92050680171305,14.274831641534599,15.407919731345684,3.3761849528754855,4.359023779037756,14.805100447177777,14.274831641534599,33.49351436952775,25.356331277609073,4.0104360036498266,6.139403038312274,14.498782978605389,15.407919731345684,25.356331277609073,23.918334729452774
minimal-test-000393,0.6278707426073441,8.333481749414629,6,13.272607216587884,2.215955972671509,8.333481749414629,3.709002497255085,2.9448127492533116,1.7779607005540583,1.3500135678989158,0.6278707426073441,7.702747303986952,1.0719993675574802,2.188219979168137,-0.8839439208417572,0.21626274760993716,-0.12248905253822658,1.0719993675574802,8.557596518454876,-0.5605489773523789,8.732008952682378,0.36769747659412344,6.095005667980699,2.188219979168137,-0.5605489773523789,1.3907676091950931,0.2422075032354992,0.601518659342822,1.9142961976457247,-0.8839439208417572,8.732008952682378,0.2422075032354992,21.6722640419185,2.2506431966849916,23.37468710073899,0.21626274760993716,0.36769747659412344,0.601518659342822,2.2506431966849916,2.8987811271022568,7.329901520793502,-0.12248905253822658,6.095005667980699,1.9142961976457247,23.37468710073899,7.329901520793502,55.03128567562645
minimal-test-000406,0.9990162190732084,7.759658403165952,6,7.767299724487577,3.931183338165283,7.759658403165952,5.275374141826796,2.696026644019269,1.5198475689034867,1.324606949690889,0.9990162190732084,26.954643383633414,17.837683353161523,11.165491548607458,10.352370713944616,2.5115675040441006,2.7356340006045983,17.837683353161523,16.12698235925633,10.015088890812317,10.600911989114818,2.8586582060656514,4.135445016786669,11.165491548607458,10.015088890812317,9.984192277128717,10.903402098175867,3.5936534880836857,5.20041965547112,10.352370713944616,10.600911989114818,10.903402098175867,16.879204146119232,5.097453523484558,13.496698969484312,2.5115675040441006,2.8586582060656514,3.5936534880836857,5.097453523484558,3.742446322891901,3.7004740759321146,2.7356340006045983,4.135445016786669,5.20041965547112,13.496698969484312,3.7004740759321146,26.685515656153534
minimal-test-000157,1.1757213512273994,8.163490269717695,6,6.943388636427657,3.985267400741577,8.163490269717695,6.0745621766619395,3.322545511421363,1.6266264553987246,1.331868640012093,1.1757213512273994,4.294459949829604,5.753740681321545,4.045430940349995,6.340789889485205,2.5655976269865244,2.65358625122162,5.753740681321545,43.68625370845505,6.680239420659328,18.985559276270415,3.1035550220905352,5.356413345430765,4.045430940349995,6.680239420659328,12.183244022418332,11.521700172579925,13.352708962806258,8.624991916292652,6.340789889485205,18.985559276270415,11.521700172579925,19.806002899662037,8.14748647920497,8.773107342337802,2.5655976269865244,3.1035550220905352,13.352708962806258,8.14748647920497,31.743936886710006,10.847278782155566,2.65358625122162,5.356413345430765,8.624991916292652,8.773107342337802,10.847278782155566,8.670398625681202
minimal-test-000447,0.8619090059440165,6.618736289120733,6,7.679158987173454,7.076961517333984,6.618736289120733,4.779367380754255,2.465623599741868,1.2839116255376453,1.1567520524490364,0.8619090059440165,2.5565677681748076,0.6575403640486698,1.7912787662723038,2.8781201598286366,1.3554610644639116,1.9663076424742003,0.6575403640486698,25.461993496472648,3.0788837949395433,12.705058766698402,1.9684347059902392,3.735150630513643,1.7912787662723038,3.0788837949395433,5.281498710322906,6.894917031763683,6.1484599934745106,6.65683494789528,2.8781201598286366,12.705058766698402,6.894917031763683,15.04952307706851,6.191617705769671,8.580052618950628,1.3554610644639116,1.9684347059902392,6.1484599934745106,6.191617705769671,15.653805564164653,11.780680316789022,1.9663076424742003,3.735150630513643,6.65683494789528,8.580052618950628,11.780680316789022,12.455325252105203
minimal-test-000288,0.9166820350964517,9.244631181833368,6,10.084883119653004,6.862990379333496,9.244631181833368,4.047766840612658,4.009452295586505,1.9036601072770678,1.465820944771364,0.9166820350964517,14.161230191967844,2.3607559911219385,5.448574807646371,-2.1456719347597435,2.731583096201444,-2.5887379103329775,2.3607559911219385,8.987852694318468,-2.2198007757024376,8.468639199688592,-3.2409877119420742,4.566453116377269,5.448574807646371,-2.2198007757024376,11.523881428797,-10.370078179011253,14.037575996357146,-13.524906270378523,-2.1456719347597435,8.468639199688592,-10.370078179011253,16.128506528973233,-13.524879174027994,14.466253809802772,2.731583096201444,-3.2409877119420742,14.037575996357146,-13.524879174027994,40.17701212633745,-34.28740356940705,-2.5887379103329775,4.566453116377269,-13.524906270378523,14.466253809802772,-34.28740356940705,33.55770562391621
minimal-test-000469,1.1711602856150598,8.764950437698255,6,7.48398878048973,5.298027515411377,8.764950437698255,6.171063455718326,3.2253466614371176,1.5757872347920068,1.3068279060885633,1.1711602856150598,38.72810252300811,20.494595681409812,16.771855179435605,11.855412051530848,4.138493356220483,3.697588314601438,20.494595681409812,15.335816342604575,12.531303418971076,11.040333505542739,3.9696966406388245,4.887368743793812,16.771855179435605,12.531303418971076,15.116945571256824,14.06965130128848,5.6807363389255485,7.161653506309926,11.855412051530848,11.040333505542739,14.06965130128848,20.366849936870164,7.339994911363236,18.035899931323282,4.138493356220483,3.9696966406388245,5.6807363389255485,7.339994911363236,5.044886603470365,4.875575057228772,3.697588314601438,4.887368743793812,7.161653506309926,18.035899931323282,4.875575057228772,36.279161459109794
minimal-test-000304,0.6970113891062869,7.355409157246097,6,10.552781880188867,5.703124046325684,7.355409157246097,4.314123801525426,2.904862322145499,1.4115527263800216,1.2590804676047724,0.6970113891062869,13.925966128553814,2.760914895642353,5.390039916429536,3.57721955149162,0.9263158389717542,1.3493169669828717,2.760914895642353,6.14774871427329,3.8767493842580607,6.91456865998033,1.4779975356155535,4.270886124874785,5.390039916429536,3.8767493842580607,4.22336590014546,5.284824787349579,1.250137549981866,2.8075409408044263,3.57721955149162,6.91456865998033,5.284824787349579,17.105885440505176,2.7764072340537527,18.689016816149117,0.9263158389717542,1.4779975356155535,1.250137549981866,2.7764072340537527,2.1555959731387104,2.1985640109802085,1.3493169669828717,4.270886124874785,2.8075409408044263,18.689016816149117,2.1985640109802085,41.65696059919064
minimal-test-000165,1.3460743302148164,8.042779865553563,6,5.974989408103516,5.291205883026123,8.042779865553563,6.780046428879353,3.6050514778442584,1.7106101515530072,1.489543114250834,1.3460743302148164,33.81092101955161,-16.639462410781302,11.592733255475391,-8.229005849752754,2.1319002146065396,-1.5924728424866674,-16.639462410781302,14.116439924553696,-8.450593030240416,11.401480439397975,-1.5473235484280858,5.812485569254933,11.592733255475391,-8.450593030240416,8.780430131066582,-6.237464730854212,3.3966968902212304,0.8349130745707868,-8.229005849752754,11.401480439397975,-6.237464730854212,22.458837227156653,1.4292715232879638,20.31771747928474,2.1319002146065396,-1.5473235484280858,3.3966968902212304,1.4292715232879638,10.002123287087166,13.465091076599487,-1.5924728424866674,5.812485569254933,0.8349130745707868,20.31771747928474,13.465091076599487,41.43982399427635
minimal-test-000294,1.1273761371906934,6.983714431019484,6,6.1946622787512515,3.5644304752349854,6.983714431019484,5.586036015531791,2.938939230499856,1.406997546406466,1.2476736504714991,1.1273761371906934,12.317364183418464,13.307173545752722,2.968527133347892,4.261707236135194,0.5533481222009501,-0.019238408871173746,13.307173545752722,22.5922799793937,3.9401141999555804,13.035722306215508,-0.07471818656656563,4.4603505818176945,2.968527133347892,3.9401141999555804,3.150126874551561,-0.09128083082361507,3.08916685996294,-4.132254421512613,4.261707236135194,13.035722306215508,-0.09128083082361507,19.858481756537028,-4.5636892886239435,13.824707066650184,0.5533481222009501,-0.07471818656656563,3.08916685996294,-4.5636892886239435,11.72132576096887,-13.58385438094083,-0.019238408871173746,4.4603505818176945,-4.132254421512613,13.824707066650184,-13.58385438094083,23.7811594549312
minimal-test-000226,1.0017332630102245,8.247777525902064,6,8.23350669330612,3.0580027103424072,8.247777525902064,5.364463956389297,2.981180446033911,1.699229980327957,1.4788881113317989,1.0017332630102245,40.09478147658845,16.47791396896449,17.053196586913636,9.908241206613361,5.982989354919528,3.0167450891031784,16.47791396896449,10.657130142361952,9.828435680236142,7.045044361835145,4.050504731985385,3.6081635837886328,17.053196586913636,9.828435680236142,16.584287467029302,12.301973456321532,7.637147039371302,6.852213183339786,9.908241206613361,7.045044361835145,12.301973456321532,12.657585960582493,8.047013211466501,10.672568288072302,5.982989354919528,4.050504731985385,7.637147039371302,8.047013211466501,7.754840037866991,7.828792752531293,3.0167450891031784,3.6081635837886328,6.852213183339786,10.672568288072302,7.828792752531293,24.020081525665837
minimal-test-000493,1.0168143281259827,7.466440220696968,6,7.342973062208738,3.733218193054199,7.466440220696968,4.9922340247453985,3.1313042182166777,1.5478335353109893,1.356145367294084,1.0168143281259827,33.05780505312146,17.41800830217708,13.30944963919663,8.046986115115978,2.6735765838198025,1.9324575265836177,17.41800830217708,12.799679222723945,9.30264454651686,7.238471660042011,2.085761903753875,3.055289647721836,13.30944963919663,9.30264454651686,11.409927726673452,8.350404274182436,3.888583715348883,2.1093899214097402,8.046986115115978,7.238471660042011,8.350404274182436,12.437326501270446,2.022918692803918,10.461067724066744,2.6735765838198025,2.085761903753875,3.888583715348883,2.022918692803918,5.83055883505363,-3.7505007130847963,1.9324575265836177,3.055289647721836,2.1093899214097402,10.461067724066744,-3.7505007130847963,20.20872918339449
minimal-test-000432,1.1339055246026313,8.447324657690222,6,7.449760561534017,3.435018539428711,8.447324657690222,5.779616134716846,3.9333410027926545,1.9096958135046185,1.4884646264976416,1.1339055246026313,54.123198906468886,12.323630214476854,21.660287454987444,7.4884558158775425,4.539654825710239,2.1338443777565494,12.323630214476854,6.384699525507369,7.903538035448379,5.140746717532326,2.1320356963591536,3.126539501421481,21.660287454987444,7.903538035448379,18.327043443602932,8.181431432322388,6.672530508935598,1.8266869223179463,7.4884558158775425,5.140746717532326,8.181431432322388,11.610881036238009,1.6796553502937117,11.647257886814856,4.539654825710239,2.1320356963591536,6.672530508935598,1.6796553502937117,11.50404690021433,-8.047561912564587,2.1338443777565494,3.126539501421481,1.8266869223179463,11.647257886814856,-8.047561912564587,25.430764952495146
minimal-test-000218,1.1458036890889989,8.79944556285788,6,7.679714812101983,4.727750301361084,8.79944556285788,5.682693567120519,4.093004875472713,2.1268907711894824,1.5184544286343236,1.1458036890889989,28.789276310742157,-1.1090129823715973,9.083015077354464,1.2696198260077451,2.6627177213477977,-0.714225929342325,-1.1090129823715973,8.144248465317496,1.2739552420913889,8.666015790984149,-0.7041799573860044,6.104773902344159,9.083015077354464,1.2739552420913889,7.712542634700935,-2.222198802723703,5.712032623779358,-7.742172493997599,1.2696198260077451,8.666015790984149,-2.222198802723703,20.3587549021515,-7.446056801397027,21.353136773636468,2.6627177213477977,-0.7041799573860044,5.712032623779358,-7.446056801397027,18.62343009970872,-26.43714373317409,-0.714225929342325,6.104773902344159,-7.742172493997599,21.353136773636468,-26.43714373317409,50.989919187854866
minimal-test-000059,1.0401832228699488,7.660537596993353,6,7.364604070288037,6.334153175354004,7.660537596993353,5.229079845795715,2.722053905319169,1.4746573245150558,1.289638818820952,1.0401832228699488,8.071968950297983,13.0718688378129,5.400810715762339,8.632998887872137,2.4714039384817106,2.9743325264473977,13.0718688378129,33.83113489704161,8.06043267906291,15.842965187164184,2.276994397568395,4.202582999294488,5.400810715762339,8.06043267906291,10.979712195335651,10.91953120082455,10.121692707856564,6.966200755901491,8.632998887872137,15.842965187164184,10.91953120082455,15.979151444891672,6.542881245771729,6.868057774307978,2.4714039384817106,2.276994397568395,10.121692707856564,6.542881245771729,22.658828616277656,8.130422552463253,2.9743325264473977,4.202582999294488,6.966200755901491,6.868057774307978,8.130422552463253,6.835657313170368
minimal-test-000403,1.0716056270725227,10.270306212035326,6,9.58403535085232,12.458463668823242,10.270306212035326,6.301670174997213,3.00321565369262,1.5744956335820166,1.4685949162745109,1.0716056270725227,48.83907862423291,-33.88981881818631,22.181140278823943,-17.20501743889277,6.133197974042557,-5.714796451532682,-33.88981881818631,27.340576704129337,-17.578283215519317,14.06133949576562,-5.347417357057202,5.2703350139075225,22.181140278823943,-17.578283215519317,23.6832806627553,-20.341792586724225,11.685172455283853,-12.60539838947561,-17.20501743889277,14.06133949576562,-20.341792586724225,20.33561461880504,-12.610695726002817,14.983164114638225,6.133197974042557,-5.347417357057202,11.685172455283853,-12.610695726002817,13.222233260951436,-15.537738346700333,-5.714796451532682,5.2703350139075225,-12.60539838947561,14.983164114638225,-15.537738346700333,26.57290322338085
minimal-test-000351,0.8357233005469187,9.334408998264571,6,11.169257805969865,5.656152725219727,9.334408998264571,4.28582854961844,2.559182710007294,1.7635302068546799,1.556244351586698,0.8357233005469187,32.10049098915163,-32.79215243259614,14.974459412032783,-15.056175231121863,3.7476488221922746,-3.636635074100444,-32.79215243259614,38.8416497798738,-15.3396369280283,15.944298764031757,-3.233820727228802,3.722503408907134,14.974459412032783,-15.3396369280283,16.365768948238333,-13.885782240728537,8.228789078948571,-5.419635905288043,-15.056175231121863,15.944298764031757,-13.885782240728537,14.078572774698115,-5.141613800749056,5.572418677710735,3.7476488221922746,-3.233820727228802,8.228789078948571,-5.141613800749056,9.536547018317126,-2.0551904462765505,-3.636635074100444,3.722503408907134,-5.419635905288043,5.572418677710735,-2.0551904462765505,7.356273043939796
minimal-test-000109,1.0786289645261276,7.63495172856042,6,7.078385598438544,4.944843292236328,7.63495172856042,5.544168006104869,3.4039622607193145,1.7505523875929683,1.3980859588967447,1.0786289645261276,22.677416712736292,-7.021775370823707,7.180438051309849,-3.4749646987062794,1.608540978346676,0.2127402220419758,-7.021775370823707,8.541379352666988,-3.9637625398743372,8.273301608769867,-0.2114734676550359,4.5856102361968745,7.180438051309849,-3.9637625398743372,5.836736802972824,-0.36991260324936076,3.7213653621851783,4.723747431162007,-3.4749646987062794,8.273301608769867,-0.36991260324936076,17.304461045311363,5.25286464190796,17.158493005045152,1.608540978346676,-0.2114734676550359,3.7213653621851783,5.25286464190796,14.041836897476848,19.249985786934595,0.2127402220419758,4.5856102361968745,4.723747431162007,17.158493005045152,19.249985786934595,38.397933491888026
minimal-test-000148,1.1812418914851273,6.858990122490041,6,5.80659234313686,5.69301176071167,6.858990122490041,5.85470554164175,3.043191080720013,1.5120702774084347,1.2178943405668248,1.1812418914851273,21.010117298280964,13.179868116909072,6.641207127731263,5.34680768917044,1.1703658940428021,0.08407320158455538,13.179868116909072,13.78901439892405,5.634272871866609,9.749835941457194,0.5963568045682324,4.0133556354186535,6.641207127731263,5.634272871866609,4.974022872765664,2.170444773225195,2.773142123815757,-3.1789777137706934,5.34680768917044,9.749835941457194,2.170444773225195,17.332173837808543,-3.3609093852682688,14.540640066075447,1.1703658940428021,0.5963568045682324,2.773142123815757,-3.3609093852682688,10.472529480337887,-13.244343882978026,0.08407320158455538,4.0133556354186535,-3.1789777137706934,14.540640066075447,-13.244343882978026,28.171432100209362
minimal-test-000213,0.7854267459036784,7.5966208809670315,6,9.671966126168373,8.903912544250488,7.5966208809670315,5.270605616081844,2.651229575517262,1.3433517707786256,1.3053424150224409,0.7854267459036784,2.405038201963792,-2.5614518853565396,1.3512543560452501,-3.4015945555782228,0.9191894987842629,-2.022647729298691,-2.5614518853565396,35.94561215826199,-3.6891952200270075,17.309866767240656,-1.9828702867312493,5.91566169795805,1.3512543560452501,-3.6891952200270075,4.025101903370279,-7.486247463309945,4.752530529504829,-7.235897506742347,-3.4015945555782228,17.309866767240656,-7.486247463309945,21.43523194163285,-6.852118346112953,13.14991310140614,0.9191894987842629,-1.9828702867312493,4.752530529504829,-6.852118346112953,13.339526588276918,-13.613633270165366,-2.022647729298691,5.91566169795805,-7.235897506742347,13.14991310140614,-13.613633270165366,19.49184781170093
minimal-test-000196,1.1684304102201695,9.325651978920666,6,7.981349935220718,8.201029777526855,9.325651978920666,5.965994673901162,3.316459623473338,1.6771307682180838,1.438643814785587,1.1684304102201695,31.096937003014702,0.4576776825926444,17.015539433774602,5.255919755429402,5.615867675774012,3.375216258344297,0.4576776825926444,4.987848785619912,5.468328047177471,3.973591741026475,3.626182656886285,3.217312275672794,17.015539433774602,5.468328047177471,23.8492187133568,14.16971812376912,16.292358160584495,14.510000867721821,5.255919755429402,3.973591741026475,14.16971812376912,12.687019371337849,14.713907679493364,15.003046061834317,5.615867675774012,3.626182656886285,16.292358160584495,14.713907679493364,28.46254851613847,30.317673058330072,3.375216258344297,3.217312275672794,14.510000867721821,15.003046061834317,30.317673058330072,38.723902588677056
minimal-test-000428,1.0399488133308878,7.26231039599438,6,6.983334470793496,4.896059036254883,7.26231039599438,5.199569945975979,2.908864599143634,1.512406436462246,1.323052812792989,1.0399488133308878,17.05829747489954,-9.38585743897232,5.377575595189055,-4.842564928204396,0.9407446456251345,-0.7987800911486598,-9.38585743897232,10.975390327427267,-4.926726192928151,9.630124264847549,-0.7460709152942221,5.259638729538656,5.377575595189055,-4.926726192928151,3.901346096445114,-3.607709719917379,1.3632444911515802,0.40660783594483524,-4.842564928204396,9.630124264847549,-3.607709719917379,18.791576502877838,0.8347911409934342,17.675653951122932,0.9407446456251345,-0.7460709152942221,1.3632444911515802,0.8347911409934342,4.6283073105331445,7.662834379666899,-0.7987800911486598,5.259638729538656,0.40660783594483524,17.675653951122932,7.662834379666899,38.002590963673036
minimal-test-000358,0.9898033731083213,7.00831336405829,6,7.08051068976436,8.426920890808105,7.00831336405829,4.91741728752442,2.970888528473735,1.3997302729841712,1.3504420621893507,0.9898033731083213,9.080840595225013,7.612760323900799,2.508661420450532,0.8068209331662947,1.027425870947507,-1.3514440304989093,7.612760323900799,16.467007687879068,0.5803360873216387,10.276914151826304,-1.6010149669889737,4.201031733227058,2.508661420450532,0.5803360873216387,4.437278039347546,-4.383146305090662,5.7244901709322065,-6.920936302353184,0.8068209331662947,10.276914151826304,-4.383146305090662,15.14228065899562,-6.9700484376757235,11.057627751263901,1.027425870947507,-1.6010149669889737,5.7244901709322065,-6.9700484376757235,19.183721661731134,-18.351592737176563,-1.3514440304989093,4.201031733227058,-6.920936302353184,11.057627751263901,-18.351592737176563,22.57514831177568
minimal-test-000279,1.2834428477220556,8.075388865211579,6,6.291973872887558,6.247725486755371,8.075388865211579,7.791118332183337,4.1566733838392596,2.0181332309576208,1.5431307045330562,1.2834428477220556,16.171691337618924,-18.70882424838127,7.087165638722808,-2.0576087955607076,4.306267184569906,1.5769872781628989,-18.70882424838127,43.81137110699398,-2.090212479327242,18.512260547601393,1.371752745215733,4.572773340136707,7.087165638722808,-2.090212479327242,16.218778020739876,5.266290883592,20.259202910330796,5.641595660595396,-2.0576087955607076,18.512260547601393,5.266290883592,16.823006315134986,5.506940346672437,6.472288478572257,4.306267184569906,1.371752745215733,20.259202910330796,5.506940346672437,52.514237934689156,5.8186432149112335,1.5769872781628989,4.572773340136707,5.641595660595396,6.472288478572257,5.8186432149112335,5.753618747744197
minimal-test-000440,0.8635729480397559,9.148822762944008,6,10.594151639084028,9.115340232849121,9.148822762944008,5.314642083889682,2.5619375457058817,1.5267288142135378,1.400558967747392,0.8635729480397559,7.1147023049415825,8.359854126427258,6.512235273330464,8.26746234523221,3.557466311960513,3.5661913368288496,8.359854126427258,18.777845427250416,8.12097947430606,11.753407839987844,4.152922162873863,4.27667796979903,6.512235273330464,8.12097947430606,15.035615875162696,14.899375424734156,15.337076322903883,13.828297333094458,8.26746234523221,11.753407839987844,14.899375424734156,17.158621712710133,14.345038285739133,13.272517313434085,3.557466311960513,4.152922162873863,15.337076322903883,14.345038285739133,38.55771389683323,29.75143384736791,3.5661913368288496,4.27667796979903,13.828297333094458,13.272517313434085,29.75143384736791,26.90362772968664
minimal-test-000203,0.6553811079699883,7.305698072648186,6,11.14725155150907,5.896869659423828,7.305698072648186,3.9060624550228122,2.4340235265149177,1.4655613775685619,1.3980891731713787,0.6553811079699883,5.437878523277502,-3.0722113186233093,1.133392923754469,-0.6461260263909484,0.2645281219786389,0.42588011525416264,-3.0722113186233093,9.762029299192442,-0.6698285590107499,8.813650256807515,0.4438449956507656,4.487961763000406,1.133392923754469,-0.6698285590107499,1.225337615165892,1.9322001112536513,1.1031940410968306,3.6067274772109275,-0.6461260263909484,8.813650256807515,1.9322001112536513,18.07638187900432,3.7639743733822506,17.16141941090161,0.2645281219786389,0.4438449956507656,1.1031940410968306,3.7639743733822506,5.428279641104806,10.870364872800975,0.42588011525416264,4.487961763000406,3.6067274772109275,17.16141941090161,10.870364872800975,39.157159685361066
minimal-test-000498,1.0668351179681554,8.476966900883786,6,7.945901628199701,12.525291442871094,8.476966900883786,5.749508198978247,3.17961186565618,2.0687634559760517,1.504696277962903,1.0668351179681554,11.8746233640515,20.75618384935673,3.300525168128253,6.528750498974102,1.237747743705325,1.0639111069264304,20.75618384935673,51.218382067287685,5.921426446531771,20.298418103624886,1.1443059789275185,4.858876931219109,3.300525168128253,5.921426446531771,5.120282198799997,4.193966359828244,6.308524910100204,3.3571091221074485,6.528750498974102,20.298418103624886,4.193966359828244,18.20668822866838,3.9398364623627207,8.49182690164846,1.237747743705325,1.1443059789275185,6.308524910100204,3.9398364623627207,20.662633699176833,13.410762893801309,1.0639111069264304,4.858876931219109,3.3571091221074485,8.49182690164846,13.410762893801309,15.625164721662077
minimal-test-000479,1.046866839105197,8.382140188245263,6,8.006882895832144,4.741358757019043,8.382140188245263,6.394383438209612,3.1253177058523742,1.526870114021641,1.2777635739223325,1.046866839105197,26.665132426472763,20.427992851824822,9.179918400911559,10.075175048096577,1.6805224335104405,2.0619238893814598,20.427992851824822,21.199832396466203,9.974078564296086,14.27215587692048,2.338570854131413,5.70150569160126,9.179918400911559,9.974078564296086,6.676242708957222,8.883254007212901,2.032158548332187,2.5284214340692692,10.075175048096577,14.27215587692048,8.883254007212901,24.8175406697265,2.561729622949397,21.54102964224906,1.6805224335104405,2.338570854131413,2.032158548332187,2.561729622949397,3.811528468549727,-3.361945820675764,2.0619238893814598,5.70150569160126,2.5284214340692692,21.54102964224906,-3.361945820675764,42.805690057341
minimal-test-000126,0.8463735798926536,9.005346471924137,6,10.639919163197762,4.284330368041992,9.005346471924137,5.255916333080718,3.2853171714301035,1.5324589519615215,1.4688209557420269,0.8463735798926536,10.074057323637511,7.313826610845865,2.41544997465217,0.7957791703282615,0.7989291210765352,-1.3463092720748429,7.313826610845865,17.954299271723936,0.34348011331438877,14.737068285102705,-1.3563755662940553,6.432443295128507,2.41544997465217,0.34348011331438877,3.869853363050013,-6.1919699583264665,5.100610248320462,-9.360772992475857,0.7957791703282615,14.737068285102705,-6.1919699583264665,26.915983665525022,-10.493678181920915,23.71423824322756,0.7989291210765352,-1.3563755662940553,5.100610248320462,-10.493678181920915,17.64615957357888,-26.142579306640954,-1.3463092720748429,6.432443295128507,-9.360772992475857,23.71423824322756,-26.142579306640954,48.27609097533347
minimal-test-000191,0.9695376121338103,7.15929833160426,6,7.38423991189748,4.431317329406738,7.15929833160426,4.970909855066605,3.068396154534898,1.4776162885485316,1.2643977068628292,0.9695376121338103,19.437140279995436,3.7208302092623544,7.347107703375466,4.068510256907774,1.3683182827869707,1.1946442241112127,3.7208302092623544,6.028003167225495,4.166978394707556,6.706915777749006,1.3184474496497949,4.089543799001081,7.347107703375466,4.166978394707556,5.6164299250473615,4.9661039643253835,1.5439636009632616,1.3937007891391846,4.068510256907774,6.706915777749006,4.9661039643253835,16.59093284699501,1.0803789139566498,17.704897687424644,1.3683182827869707,1.3184474496497949,1.5439636009632616,1.0803789139566498,2.9415188459643105,-3.2718233588369983,1.1946442241112127,4.089543799001081,1.3937007891391846,17.704897687424644,-3.2718233588369983,39.488581922692816
minimal-test-000387,0.9819623172130751,8.996246404978429,6,9.161498610772394,3.7067203521728516,8.996246404978429,5.988308087293353,2.88345093540526,1.5626948348915455,1.4649977887263477,0.9819623172130751,27.913068397974648,-19.052582099288514,13.43249416692058,-11.749824347631213,4.559902573638388,-4.440847983528919,-19.052582099288514,17.13200632240912,-12.000966872451595,11.142154816719708,-4.715245951185483,5.0158664120604675,13.43249416692058,-12.000966872451595,16.941071888450363,-16.75320611618831,10.247683963699856,-12.3784596797597,-11.749824347631213,11.142154816719708,-16.75320611618831,19.091770196232083,-12.3888985487986,15.934876008137461,4.559902573638388,-4.715245951185483,10.247683963699856,-12.3888985487986,16.21358229552714,-20.596505055725988,-4.440847983528919,5.0158664120604675,-12.3784596797597,15.934876008137461,-20.596505055725988,33.367556984122615
minimal-test-000170,0.893256808128342,7.375265366400243,6,8.25660134833316,5.094075679779053,7.375265366400243,5.361556507171043,2.7626870384325075,1.3957046820431542,1.2252725266541724,0.893256808128342,14.353925888710597,12.297631266150246,4.383999840132131,5.531909633679177,0.6211635134718374,1.1660304779591577,12.297631266150246,16.63903564326057,5.771570079965535,11.813101100189527,1.0952615844812865,4.956999590549728,4.383999840132131,5.771570079965535,3.042256303120375,4.578212932504154,0.8428252089234387,0.7977639780040553,5.531909633679177,11.813101100189527,4.578212932504154,20.378616527084695,0.5320503906900451,17.686797325275414,0.6211635134718374,1.0952615844812865,0.8428252089234387,0.5320503906900451,2.795909832342523,-3.9663976599626776,1.1660304779591577,4.956999590549728,0.7977639780040553,17.686797325275414,-3.9663976599626776,37.81071493153359
minimal-test-000177,0.9585695688966954,8.004479444553658,6,8.350441850315297,4.72529935836792,8.004479444553658,5.159203552222002,3.4646906452704864,1.7263287010420298,1.3478833944705129,0.9585695688966954,3.4465474010955126,-5.372298580924742,1.4984823766107744,0.514309055185255,1.3886202234161633,1.226407921011542,-5.372298580924742,49.92305457872145,1.0456888111998612,22.232609796641967,1.2295781940227066,5.104965986666996,1.4984823766107744,1.0456888111998612,5.781033480385616,4.6826558155942095,7.931995977584934,4.188553863811319,0.514309055185255,22.232609796641967,4.6826558155942095,20.769657509654184,4.056709796255102,8.149471286880765,1.3886202234161633,1.2295781940227066,7.931995977584934,4.056709796255102,21.160298821053473,2.674260766670502,1.226407921011542,5.104965986666996,4.188553863811319,8.149471286880765,2.674260766670502,7.328417995602379
minimal-test-000425,1.0865593810192713,7.156626304937053,6,6.586502707494568,2.530357837677002,7.156626304937053,5.782875037334789,2.9207568722683463,1.5732639652293432,1.424541594868123,1.0865593810192713,8.908860058456936,-11.370902207833023,2.094209191029353,-2.7514447211346407,1.0847956190918633,1.0046784846836334,-11.370902207833023,27.78367655014075,-2.3909006810785307,14.515467556439784,0.4409998788458738,4.412200366938714,2.094209191029353,-2.3909006810785307,3.451519581416445,2.529363032249937,4.531763013620481,6.07219731492815,-2.7514447211346407,14.515467556439784,2.529363032249937,19.984439141942175,5.948949564575284,13.138864564480475,1.0847956190918633,0.4409998788458738,4.531763013620481,5.948949564575284,15.997969860329746,15.608771429595802,1.0046784846836334,4.412200366938714,6.07219731492815,13.138864564480475,15.608771429595802,22.748388828843073
minimal-test-000017,0.8266891177692713,9.542132803481842,6,11.542589104390567,12.942559242248535,9.542132803481842,4.891360409596995,2.39070706033459,1.5775195263407038,1.4669507279275271,0.8266891177692713,6.460847044564012,5.302322255699664,6.572504330980757,7.544193008902907,4.242793983470293,4.282544329687211,5.302322255699664,14.228347852212776,7.579113430639139,10.337054501811613,4.017487828873379,4.527136311768715,6.572504330980757,7.579113430639139,16.039257924438836,15.467362350305047,17.116520758085365,15.610857848586056,7.544193008902907,10.337054501811613,15.467362350305047,17.06121710666837,15.734735589088562,14.699201135247122,4.242793983470293,4.017487828873379,17.116520758085365,15.734735589088562,41.14880241557406,33.50477290316996,4.282544329687211,4.527136311768715,15.610857848586056,14.699201135247122,33.50477290316996,31.078640192324197
minimal-test-000267,0.7611728256160797,8.932508345089232,6,11.735190806187044,3.2330520153045654,8.932508345089232,4.37911592188026,3.54647884505644,1.869494042945973,1.4210065637543985,0.7611728256160797,12.520756164530082,1.3810874379708311,3.6260810455718206,1.2895966104306644,0.6018709118996184,-0.4428559788566843,1.3810874379708311,9.82691151051924,1.3482195647866986,11.159123906234601,-0.31039546932607465,6.178123723209329,3.6260810455718206,1.3482195647866986,2.8070125619692305,-2.0606571349945204,1.8468127366687415,-5.18169607725988,1.2895966104306644,11.159123906234601,-2.0606571349945204,26.497798913819327,-5.912525295385038,26.463630415810115,0.6018709118996184,-0.31039546932607465,1.8468127366687415,-5.912525295385038,8.011354414178525,-17.566042439170655,-0.4428559788566843,6.178123723209329,-5.18169607725988,26.463630415810115,-17.566042439170655,57.973691927070384
minimal-test-000145,0.9562384195597963,8.583465427837952,6,8.976281701575372,4.153573989868164,8.583465427837952,5.525724396009259,2.664250237692568,1.5684847280071055,1.4212718747957909,0.9562384195597963,18.386160906356004,21.853945072173744,10.744122975715337,12.211221004333101,4.119187206473003,3.936557803949466,21.853945072173744,32.90605871610626,12.587995758352351,15.067196671696992,3.44387841056902,4.003140311271567,10.744122975715337,12.587995758352351,16.500708773841776,14.751097420585877,12.240708607789527,9.308544776843197,12.211221004333101,15.067196671696992,14.751097420585877,15.742756108843315,8.640111679884368,7.38617386674168,4.119187206473003,3.44387841056902,12.240708607789527,8.640111679884368,23.616928474412635,12.02811741567542,3.936557803949466,4.003140311271567,9.308544776843197,7.38617386674168,12.02811741567542,9.549675200145423
minimal-test-000029,0.9758227062850966,7.446251945131241,6,7.6307426514788865,4.133932590484619,7.446251945131241,5.579989393736147,2.7386599469486863,1.4844574051470953,1.361916053550966,0.9758227062850966,7.993667271374779,-12.062753325731165,1.646123616521772,-3.575126358413735,0.37801441205567177,0.06574929454352546,-12.062753325731165,32.26877287407338,-3.0554048072115547,16.657576321105783,0.06036389487712289,5.4136814822606585,1.646123616521772,-3.0554048072115547,1.9526849522488732,0.4280342751207237,2.1158930455352065,3.523934578188573,-3.575126358413735,16.657576321105783,0.4280342751207237,21.914241226174557,4.210061592038776,15.256335972433634,0.37801441205567177,0.06036389487712289,2.1158930455352065,4.210061592038776,9.240201006737115,11.900825535007023,0.06574929454352546,5.4136814822606585,3.523934578188573,15.256335972433634,11.900825535007023,25.724299717708437
minimal-test-000179,1.1051013171711639,6.978268982835129,6,6.314596566311302,4.701857089996338,6.978268982835129,6.246940565100814,3.370762598509861,1.6959295354403503,1.28434284398023,1.1051013171711639,15.49372032527607,-17.25557245488064,4.788148682267023,-3.7509681251313145,2.0641661123872197,0.8175375397980541,-17.25557245488064,30.4544825321196,-3.6239404338805223,14.103399805864608,0.8446745348466179,3.3622303323562526,4.788148682267023,-3.6239404338805223,8.04554323445064,2.2758698990216994,10.380042861916008,4.9511738751873295,-3.7509681251313145,14.103399805864608,2.2758698990216994,14.455903003903087,4.786658382988271,6.297151216968268,2.0641661123872197,0.8446745348466179,10.380042861916008,4.786658382988271,29.63842851751267,8.461539955851622,0.8175375397980541,3.3622303323562526,4.9511738751873295,6.297151216968268,8.461539955851622,6.741429754227397
minimal-test-000022,1.1450534065450269,8.162148179155022,6,7.128181211898838,5.399989128112793,8.162148179155022,5.984552141196686,3.4990943401709327,2.008739321926599,1.3950859396190014,1.1450534065450269,25.114035711234386,-26.527083294646815,7.7312458906492845,-8.54028195047082,2.04603187979985,-0.26003012779185736,-26.527083294646815,35.69528929804491,-8.225557839148731,15.575876460061144,-0.6924404635220098,3.1623811990754898,7.7312458906492845,-8.225557839148731,10.194466731273119,-2.463159873835154,11.321166856448457,1.4197945746926222,-8.54028195047082,15.575876460061144,-2.463159873835154,14.564125827891068,1.3708314692979582,5.241700945492575,2.04603187979985,-0.6924404635220098,11.321166856448457,1.3708314692979582,31.518142997803686,0.5175809395108801,-0.26003012779185736,3.1623811990754898,1.4197945746926222,5.241700945492575,0.5175809395108801,4.885573610571679
