id,restart,initial_scale_px,initial_control_mae_px,initial_render_loss,initial_p0x,initial_p0y,initial_p1x,initial_p1y,initial_p2x,initial_p2y,render_loss,control_mae_px,curve_rmse_px,optimizer_success,iterations,function_evaluations,message,solution_p0x,solution_p0y,solution_p1x,solution_p1y,solution_p2x,solution_p2y
minimal-test-000463,0,2.0,0.5432295749584833,0.0008705458286255677,0.2679468095302582,0.8494561314582825,0.8367900848388672,0.6857671737670898,0.7531330585479736,0.5182768106460571,0.0001413537228616937,0.5621693134307861,0.2754135228553547,True,3,231,CONVERGENCE: RELATIVE REDUCTION OF F <= FACTR*EPSMCH,0.2670173645019531,0.8479830026626587,0.8357722759246826,0.683956503868103,0.7522019147872925,0.5176060795783997
minimal-test-000463,1,4.308869380063768,1.6143975754578908,0.0072135747681425525,0.2697184681892395,0.8408588767051697,0.8330460786819458,0.6719003319740295,0.7560189366340637,0.5012192726135254,0.0003520519727498843,1.3706386089324951,1.4876070916674802,True,5,245,CONVERGENCE: RELATIVE REDUCTION OF F <= FACTR*EPSMCH,0.28362083435058594,0.8394830822944641,0.8362700343132019,0.6874836683273315,0.7521843314170837,0.5108856558799744
minimal-test-000463,2,9.283177667225555,7.741453704734644,0.014619777751786987,0.22070090472698212,0.792227566242218,0.8599971532821655,0.6756548881530762,0.69822096824646,0.5082045197486877,0.013307834163076997,8.05999755859375,7.674047218254198,True,3,210,CONVERGENCE: RELATIVE REDUCTION OF F <= FACTR*EPSMCH,0.28264120221138,0.7850011587142944,0.8285881876945496,0.66652911901474,0.673999011516571,0.5548704862594604
minimal-test-000463,3,20.0,16.333721694846947,0.010050598977336032,0.21980725228786469,0.8499900102615356,0.8999900221824646,0.6960710883140564,0.8499663472175598,0.30327117443084717,0.005432191258856484,16.14586067199707,17.042293368612665,True,3,175,CONVERGENCE: RELATIVE REDUCTION OF F <= FACTR*EPSMCH,0.23207193613052368,0.8499926328659058,0.8999926447868347,0.7068572044372559,0.8499751091003418,0.30686116218566895
minimal-test-000415,0,2.0,2.3171142265200615,0.008455654014056603,0.23096036911010742,0.3730190098285675,0.2945410907268524,0.8384137749671936,0.6039724349975586,0.3433397710323334,0.00045770544737502844,0.8856361508369446,0.6699275704522699,True,14,357,CONVERGENCE: RELATIVE REDUCTION OF F <= FACTR*EPSMCH,0.2002989500761032,0.37894582748413086,0.3014841675758362,0.8390857577323914,0.5894166231155396,0.344869464635849
minimal-test-000415,1,4.308869380063768,2.8034724667668343,0.008195398870332446,0.1943053901195526,0.40074393153190613,0.3101096749305725,0.8537495732307434,0.5936441421508789,0.34077343344688416,0.0006374556562821206,1.7182351350784302,1.539393617850433,True,8,273,CONVERGENCE: RELATIVE REDUCTION OF F <= FACTR*EPSMCH,0.20180150866508484,0.3872508704662323,0.31044378876686096,0.8399276733398438,0.5899965167045593,0.33796778321266174
minimal-test-000415,2,9.283177667225555,8.412919588387012,0.013422239606626965,0.23631975054740906,0.3427826166152954,0.37215933203697205,0.8262115120887756,0.6182609796524048,0.3107614517211914,0.013419262006273096,8.412893295288086,8.714666821378563,True,2,266,CONVERGENCE: RELATIVE REDUCTION OF F <= FACTR*EPSMCH,0.23631975054740906,0.3427828848361969,0.37215885519981384,0.8262109756469727,0.6182599663734436,0.3107609450817108
minimal-test-000415,3,20.0,8.450550436973572,0.010590818741712372,0.18370671570301056,0.3165507912635803,0.30221065878868103,0.8873158097267151,0.5586416721343994,0.4274284839630127,0.009596577601628888,8.437015533447266,7.348763229930503,True,4,196,CONVERGENCE: RELATIVE REDUCTION OF F <= FACTR*EPSMCH,0.18691876530647278,0.3139159083366394,0.305351197719574,0.8846838474273682,0.5585715174674988,0.4270627498626709
minimal-test-000506,0,2.0,1.1173903594414394,0.0035492741827123,0.20131073892116547,0.6996330618858337,0.37998270988464355,0.26383399963378906,0.6375566124916077,0.5206912159919739,0.00019946612223320699,0.5691624879837036,0.4306374929496829,True,7,385,CONVERGENCE: RELATIVE REDUCTION OF F <= FACTR*EPSMCH,0.20464220643043518,0.7040186524391174,0.38587677478790283,0.27036726474761963,0.6347338557243347,0.5185781121253967
minimal-test-000506,1,4.308869380063768,4.663936813672383,0.009775040224423104,0.236125186085701,0.6704169511795044,0.39626196026802063,0.2483254373073578,0.6398022174835205,0.48895519971847534,0.0008102131784086184,2.8848717212677,1.6424959997656787,True,14,441,CONVERGENCE: RELATIVE REDUCTION OF F <= FACTR*EPSMCH,0.2110695242881775,0.679318904876709,0.4023602604866028,0.28552600741386414,0.6175592541694641,0.5071468949317932
minimal-test-000506,2,9.283177667225555,8.106269183258215,0.011094351956468863,0.18914130330085754,0.6862982511520386,0.4352247416973114,0.3637230694293976,0.6248193979263306,0.5619121789932251,0.010758445228581628,7.756804466247559,7.437611607193185,True,5,301,CONVERGENCE: RELATIVE REDUCTION OF F <= FACTR*EPSMCH,0.19832798838615417,0.6909144520759583,0.4356004595756531,0.3637024760246277,0.6210443377494812,0.5621822476387024
minimal-test-000506,3,20.0,17.644010374943417,0.01337503353056909,0.15001000463962555,0.6702890396118164,0.3188517689704895,0.35353177785873413,0.7106220722198486,0.6790032386779785,0.009213813895656302,12.186119079589844,12.42620194961671,True,13,448,CONVERGENCE: RELATIVE REDUCTION OF F <= FACTR*EPSMCH,0.2091452181339264,0.7084110379219055,0.3003537356853485,0.35325977206230164,0.665364682674408,0.6330226063728333
minimal-test-000455,0,2.0,1.4805753727753956,0.0036261039342207475,0.2169036567211151,0.5024012923240662,0.199532151222229,0.7914855480194092,0.6506022810935974,0.3432988226413727,0.00025859792446390317,1.0208661556243896,0.5178930215414352,True,7,238,CONVERGENCE: RELATIVE REDUCTION OF F <= FACTR*EPSMCH,0.22830167412757874,0.4979778528213501,0.20384621620178223,0.7869045734405518,0.6546308398246765,0.3447127044200897
minimal-test-000455,1,4.308869380063768,2.562965559462706,0.010719327559455157,0.2434428185224533,0.4897893965244293,0.17775148153305054,0.8039591908454895,0.6583836674690247,0.37090688943862915,0.00044411821100989426,1.4705926179885864,1.2883284556903338,True,8,287,CONVERGENCE: RELATIVE REDUCTION OF F <= FACTR*EPSMCH,0.23215721547603607,0.483660489320755,0.18599313497543335,0.7982942461967468,0.6469884514808655,0.35195598006248474
minimal-test-000455,2,9.283177667225555,9.114252227048079,0.013900336176137123,0.28377828001976013,0.5333185791969299,0.13319151103496552,0.8403098583221436,0.6816622614860535,0.36339929699897766,0.010707867399410747,7.896728038787842,6.3863569219201235,False,4,686,ABNORMAL: ,0.2993852198123932,0.5351513028144836,0.14928285777568817,0.8196772933006287,0.6493854522705078,0.36697763204574585
minimal-test-000455,3,20.0,15.819245129823685,0.014794096560192706,0.15001000463962555,0.5221908092498779,0.21583223342895508,0.8694419264793396,0.6061649322509766,0.18011491000652313,0.014289597272732624,15.981165885925293,10.275131658187481,True,2,161,CONVERGENCE: RELATIVE REDUCTION OF F <= FACTR*EPSMCH,0.17301726341247559,0.5243918299674988,0.24451223015785217,0.8826064467430115,0.6122428178787231,0.1907186657190323
minimal-test-000118,0,2.0,1.61713957041502,0.0012181217462475188,0.33962851762771606,0.1685759574174881,0.3431420624256134,0.7055797576904297,0.7781526446342468,0.3417072594165802,0.0006161079627929603,1.144216537475586,0.7930128419477178,True,6,280,CONVERGENCE: RELATIVE REDUCTION OF F <= FACTR*EPSMCH,0.3351428508758545,0.16392624378204346,0.35040703415870667,0.7018976807594299,0.7778217792510986,0.33781594038009644
minimal-test-000118,1,4.308869380063768,3.7789519876241684,0.009408568574488619,0.29895028471946716,0.17777013778686523,0.33283376693725586,0.6985070109367371,0.8026106357574463,0.33041658997535706,0.00047500771141790045,1.4445579051971436,1.2120477122237976,True,12,315,CONVERGENCE: RELATIVE REDUCTION OF F <= FACTR*EPSMCH,0.33494213223457336,0.17656800150871277,0.36008623242378235,0.7086878418922424,0.7904008030891418,0.3255837857723236
minimal-test-000118,2,9.283177667225555,6.805504657328129,0.01614164783560483,0.2748102843761444,0.16939468681812286,0.3296203911304474,0.7325928807258606,0.7773067951202393,0.26735684275627136,0.00870361900887806,7.380101680755615,5.811173499369174,True,4,238,CONVERGENCE: RELATIVE REDUCTION OF F <= FACTR*EPSMCH,0.33496972918510437,0.2104305624961853,0.41189637780189514,0.7567610740661621,0.7563653588294983,0.31856879591941833
minimal-test-000118,3,20.0,12.38833432396253,0.014366939484126985,0.34921056032180786,0.2756391763687134,0.3110513985157013,0.7817420363426208,0.7583100199699402,0.2602863907814026,0.014366939484126985,12.388334274291992,11.005868132236927,True,1,154,CONVERGENCE: RELATIVE REDUCTION OF F <= FACTR*EPSMCH,0.34921056032180786,0.2756391763687134,0.3110513985157013,0.7817420363426208,0.7583100199699402,0.2602863907814026
minimal-test-000462,0,2.0,2.36591187864542,0.010259204171864825,0.15041117370128632,0.3525809347629547,0.36790740489959717,0.7470390200614929,0.7850247621536255,0.6457094550132751,0.0006102916043868528,1.9016220569610596,1.924231050874435,True,12,413,CONVERGENCE: RELATIVE REDUCTION OF F <= FACTR*EPSMCH,0.15000000596046448,0.3218092620372772,0.3688839077949524,0.7361754179000854,0.7807180285453796,0.6492001414299011
minimal-test-000462,1,4.308869380063768,2.6422402833898864,0.010099889526889188,0.15001000463962555,0.3392885625362396,0.4092303216457367,0.7150142788887024,0.7988193035125732,0.6491302251815796,0.0002785752781504759,0.6354953646659851,0.7716134466457687,True,4,210,CONVERGENCE: RELATIVE REDUCTION OF F <= FACTR*EPSMCH,0.1563914567232132,0.34286239743232727,0.390817791223526,0.7376166582107544,0.7865831255912781,0.6483985781669617
minimal-test-000462,2,9.283177667225555,6.0314313396811485,0.011829127484327065,0.1864691823720932,0.3678493797779083,0.355837881565094,0.7640388607978821,0.7781208753585815,0.6092614531517029,0.0007959816892443252,2.5806243419647217,2.6742428749314477,True,10,392,CONVERGENCE: RELATIVE REDUCTION OF F <= FACTR*EPSMCH,0.17509925365447998,0.3727693259716034,0.3990103304386139,0.7275362610816956,0.7768349647521973,0.6499660015106201
minimal-test-000462,3,20.0,15.652271427214146,0.015317603450694004,0.15001000463962555,0.5200260281562805,0.4499132037162781,0.8335779309272766,0.8174527883529663,0.6131867170333862,0.012678592576736578,31.370849609375,26.31891876025249,True,6,329,CONVERGENCE: RELATIVE REDUCTION OF F <= FACTR*EPSMCH,0.4250478446483612,0.5534583330154419,0.4678061306476593,0.4693097472190857,0.7829107642173767,0.639076828956604
minimal-test-000139,0,2.0,1.6573002984126408,0.0061896569289480495,0.15001000463962555,0.7602375149726868,0.6706794500350952,0.7616082429885864,0.648967444896698,0.5464325547218323,0.00021419106858429647,0.8317227363586426,0.7482012296701995,True,5,231,CONVERGENCE: RELATIVE REDUCTION OF F <= FACTR*EPSMCH,0.155117928981781,0.7627413868904114,0.6779288649559021,0.7700844407081604,0.6517395973205566,0.5560218691825867
minimal-test-000139,1,4.308869380063768,3.251620555917422,0.011448341898033723,0.19424296915531158,0.7821590304374695,0.7054171562194824,0.7745038866996765,0.652003288269043,0.5500251054763794,0.0006667342181970828,2.618102788925171,2.872675195084887,True,15,441,CONVERGENCE: RELATIVE REDUCTION OF F <= FACTR*EPSMCH,0.1893525868654251,0.7648350596427917,0.7043179869651794,0.7529197931289673,0.644698441028595,0.5508065819740295
minimal-test-000139,2,9.283177667225555,5.273631659646829,0.011118086021173175,0.18642139434814453,0.7640247941017151,0.6916555166244507,0.8045753836631775,0.7006170749664307,0.5748211145401001,0.0034819307625010786,3.531503200531006,2.9850015846747775,True,6,294,CONVERGENCE: RELATIVE REDUCTION OF F <= FACTR*EPSMCH,0.18186573684215546,0.7660702466964722,0.6698853373527527,0.7542538046836853,0.6923229694366455,0.5606962442398071
minimal-test-000139,3,20.0,16.588010020554066,0.012316010963208814,0.2877556085586548,0.8280784487724304,0.778043806552887,0.8005512952804565,0.689895510673523,0.6445157527923584,0.011408720657380599,14.573381423950195,15.850938737835953,True,6,308,CONVERGENCE: RELATIVE REDUCTION OF F <= FACTR*EPSMCH,0.32027116417884827,0.8211091756820679,0.7339193224906921,0.7543385028839111,0.6748195886611938,0.6488435864448547
minimal-test-000033,0,2.0,0.7630806925396124,0.0019663104212273145,0.30583691596984863,0.6349214315414429,0.7581550478935242,0.10065236687660217,0.6749131083488464,0.4445926547050476,0.00018914826960195845,0.4287159740924835,0.336659406667539,True,7,301,CONVERGENCE: RELATIVE REDUCTION OF F <= FACTR*EPSMCH,0.30447787046432495,0.6329199075698853,0.7580899596214294,0.1053595021367073,0.6618555784225464,0.4445169270038605
minimal-test-000033,1,4.308869380063768,4.759333980580171,0.013472125676250892,0.33240145444869995,0.6342290639877319,0.7484484314918518,0.10883399099111557,0.6997619271278381,0.4866808354854584,0.0123285171911902,5.696958541870117,4.8374503144373975,True,4,252,CONVERGENCE: RELATIVE REDUCTION OF F <= FACTR*EPSMCH,0.29177069664001465,0.5874642729759216,0.7099277377128601,0.1000056266784668,0.6740621328353882,0.47513651847839355
minimal-test-000033,2,9.283177667225555,5.944194806118806,0.008145076045123932,0.2694876194000244,0.6437255144119263,0.7977127432823181,0.10001000016927719,0.7043305039405823,0.4120810627937317,0.003906479258370015,4.326911449432373,4.098575647465407,True,9,294,CONVERGENCE: RELATIVE REDUCTION OF F <= FACTR*EPSMCH,0.2882850170135498,0.650287389755249,0.7678489089012146,0.10012117773294449,0.6900420784950256,0.39909645915031433
minimal-test-000033,3,20.0,19.58054860557119,0.013318596127176362,0.1769019067287445,0.5718567371368408,0.8747128844261169,0.2615947127342224,0.696967363357544,0.41836872696876526,0.013318596127176362,19.580549240112305,10.650114315529203,True,1,126,CONVERGENCE: RELATIVE REDUCTION OF F <= FACTR*EPSMCH,0.1769019067287445,0.5718567371368408,0.8747128844261169,0.2615947127342224,0.696967363357544,0.41836872696876526
minimal-test-000478,0,2.0,0.7469025899966558,0.0007897083465739237,0.23281928896903992,0.3182739317417145,0.5494904518127441,0.8431743383407593,0.6086792349815369,0.7302392721176147,0.00024402837115238254,0.9287775158882141,1.0052619761173411,True,4,266,CONVERGENCE: RELATIVE REDUCTION OF F <= FACTR*EPSMCH,0.22925768792629242,0.31953418254852295,0.5478070378303528,0.838946521282196,0.6089162826538086,0.725171685218811
minimal-test-000478,1,4.308869380063768,4.209954716265202,0.009926274431341163,0.2037731558084488,0.33301806449890137,0.5668826103210449,0.8296591639518738,0.6571789979934692,0.7231616973876953,0.001058798519407763,2.7145256996154785,2.1801781618640694,True,7,287,CONVERGENCE: RELATIVE REDUCTION OF F <= FACTR*EPSMCH,0.22210104763507843,0.30488133430480957,0.5419206619262695,0.8396359086036682,0.6231431365013123,0.7348982691764832
minimal-test-000478,2,9.283177667225555,8.68158691128095,0.0129258008350399,0.2107906937599182,0.33218488097190857,0.4776676893234253,0.8650938272476196,0.6361797451972961,0.6457679271697998,0.005644638063558757,8.029220581054688,8.890628723772645,True,7,301,CONVERGENCE: RELATIVE REDUCTION OF F <= FACTR*EPSMCH,0.23581965267658234,0.3180323839187622,0.5003477931022644,0.8219667673110962,0.6327157616615295,0.619782567024231
minimal-test-000478,3,20.0,16.330997422337532,0.011863570795965443,0.21311119198799133,0.2506427764892578,0.48465391993522644,0.8688434362411499,0.7547861933708191,0.8274877667427063,0.004439805640393413,15.417952537536621,12.625319120658215,True,8,308,CONVERGENCE: RELATIVE REDUCTION OF F <= FACTR*EPSMCH,0.1935395449399948,0.2479068487882614,0.5066395401954651,0.8374771475791931,0.7633209824562073,0.8135408163070679
minimal-test-000400,0,2.0,1.4159986500938733,0.003440539818868724,0.3927702009677887,0.7257266640663147,0.14163631200790405,0.291814386844635,0.7985740303993225,0.22046582400798798,0.0005746428473350125,0.869146466255188,0.7298272984690507,True,4,252,CONVERGENCE: RELATIVE REDUCTION OF F <= FACTR*EPSMCH,0.40314435958862305,0.7213134765625,0.14361269772052765,0.28939375281333923,0.7987440824508667,0.21903501451015472
minimal-test-000400,1,4.308869380063768,4.5365805352727575,0.013978166021310485,0.38662123680114746,0.6846883296966553,0.1162288635969162,0.28826093673706055,0.819743812084198,0.25986501574516296,0.0003663380180503574,1.2267910242080688,0.9903588471235096,True,13,462,CONVERGENCE: RELATIVE REDUCTION OF F <= FACTR*EPSMCH,0.39447447657585144,0.7043835520744324,0.14681777358055115,0.29109281301498413,0.8094477653503418,0.2170594036579132
minimal-test-000400,2,9.283177667225555,8.204766393949589,0.017367139870654146,0.4114077687263489,0.6342817544937134,0.10614600032567978,0.314227819442749,0.8154677152633667,0.15001000463962555,0.0008303244704744643,3.3767294883728027,2.9875402078880273,True,15,399,CONVERGENCE: RELATIVE REDUCTION OF F <= FACTR*EPSMCH,0.38105422258377075,0.6819770932197571,0.16434921324253082,0.2878818213939667,0.8130083680152893,0.21625801920890808
minimal-test-000400,3,20.0,17.253387135763962,0.01864874902166749,0.3973965048789978,0.8499900102615356,0.3694854974746704,0.3422277867794037,0.8499900102615356,0.2200252264738083,0.01494839142764949,17.0626220703125,10.622952456892826,True,7,392,CONVERGENCE: RELATIVE REDUCTION OF F <= FACTR*EPSMCH,0.3645073473453522,0.746902346611023,0.38092005252838135,0.3392457664012909,0.7221574187278748,0.208560511469841
minimal-test-000217,0,2.0,1.2150443693002064,0.0025533347530188543,0.31700628995895386,0.7826664447784424,0.5776340961456299,0.8128633499145508,0.7414137721061707,0.6224335432052612,0.00021213172769107643,0.889167308807373,0.5495075794018189,True,8,322,CONVERGENCE: RELATIVE REDUCTION OF F <= FACTR*EPSMCH,0.31760159134864807,0.7823768854141235,0.5753318667411804,0.8095840215682983,0.7349976301193237,0.6148764491081238
minimal-test-000217,1,4.308869380063768,3.526795893907547,0.002326231963373585,0.33861708641052246,0.7833729982376099,0.606786847114563,0.8086034059524536,0.7240855693817139,0.594266414642334,0.0005298372412690566,3.2299094200134277,3.3565823620633304,True,6,231,CONVERGENCE: RELATIVE REDUCTION OF F <= FACTR*EPSMCH,0.3313860297203064,0.786636233329773,0.6078646183013916,0.7947738170623779,0.7392213344573975,0.604391872882843
minimal-test-000217,2,9.283177667225555,9.42445875207583,0.009162501704113018,0.2587019205093384,0.7391780018806458,0.493425190448761,0.8062456250190735,0.7534083127975464,0.6670657992362976,0.004106206207973385,8.246749877929688,9.055023883863214,True,5,245,CONVERGENCE: RELATIVE REDUCTION OF F <= FACTR*EPSMCH,0.26336774230003357,0.7728608846664429,0.483257532119751,0.8300343155860901,0.7315836548805237,0.6638820171356201
minimal-test-000217,3,20.0,9.989555612206459,0.00896049902804259,0.42941513657569885,0.7676507830619812,0.5684365034103394,0.8200494647026062,0.8499900102615356,0.6387822031974792,0.00896049902804259,9.989555358886719,12.246644525123173,True,1,133,CONVERGENCE: RELATIVE REDUCTION OF F <= FACTR*EPSMCH,0.42941513657569885,0.7676507830619812,0.5684365034103394,0.8200494647026062,0.8499900102615356,0.6387822031974792
minimal-test-000420,0,2.0,0.9995598966876666,0.0017222906319390504,0.1566215604543686,0.8392273783683777,0.8325257897377014,0.5695217251777649,0.7791504263877869,0.2098621279001236,0.0004042526937245487,1.3090375661849976,1.17831041538119,True,8,259,CONVERGENCE: RELATIVE REDUCTION OF F <= FACTR*EPSMCH,0.16212345659732819,0.8354912996292114,0.8276659846305847,0.5635557174682617,0.7819326519966125,0.20865827798843384
minimal-test-000420,1,4.308869380063768,4.076943315565586,0.00981693657855299,0.16579705476760864,0.8499900102615356,0.7888613939285278,0.5459271669387817,0.8046260476112366,0.2271212637424469,0.0007170542849492738,2.533414602279663,2.1323153335012903,True,9,259,CONVERGENCE: RELATIVE REDUCTION OF F <= FACTR*EPSMCH,0.16598525643348694,0.8327345848083496,0.7987440228462219,0.576812744140625,0.784534752368927,0.23806163668632507
minimal-test-000420,2,9.283177667225555,8.035048757990202,0.018484535051765803,0.20742395520210266,0.8160287141799927,0.8323538899421692,0.4837471544742584,0.7558042407035828,0.20307733118534088,0.002817394727498843,9.201170921325684,9.778802721193555,True,9,245,CONVERGENCE: RELATIVE REDUCTION OF F <= FACTR*EPSMCH,0.2535516321659088,0.8021396398544312,0.8494841456413269,0.505269467830658,0.7744109630584717,0.21825799345970154
minimal-test-000420,3,20.0,10.170912742614746,0.012044472200644965,0.15017150342464447,0.8499900102615356,0.8338812589645386,0.5699135661125183,0.6469771265983582,0.31644299626350403,0.005493284630028482,14.804275512695312,11.466013316980916,True,17,357,CONVERGENCE: RELATIVE REDUCTION OF F <= FACTR*EPSMCH,0.2127677947282791,0.8188837170600891,0.841072142124176,0.5124796032905579,0.6921409368515015,0.3598942160606384
minimal-test-000352,0,2.0,1.6512491901715596,0.007234218442278872,0.41791442036628723,0.5296337008476257,0.5557506680488586,0.24229863286018372,0.8186274170875549,0.7881152033805847,0.00021220773848755188,0.8253704309463501,0.8371234061697725,True,7,294,CONVERGENCE: RELATIVE REDUCTION OF F <= FACTR*EPSMCH,0.4168078303337097,0.5240713357925415,0.5551199316978455,0.23585273325443268,0.7963107228279114,0.7884029746055603
minimal-test-000352,1,4.308869380063768,5.218395774563153,0.00984866281071252,0.4603395164012909,0.5411032438278198,0.5821355581283569,0.2731279134750366,0.8142017722129822,0.7956240773200989,0.007633450132503982,4.953859329223633,5.1889691336492625,False,2,294,ABNORMAL: ,0.4597177505493164,0.5410873889923096,0.5797561407089233,0.27445676922798157,0.8097240328788757,0.7965757250785828
minimal-test-000352,2,9.283177667225555,9.709174305200577,0.013073380700319345,0.3589858114719391,0.48701801896095276,0.5256354212760925,0.31925690174102783,0.7752406001091003,0.7753860950469971,0.009558799622790291,7.237311363220215,5.941929572960198,True,6,308,CONVERGENCE: RELATIVE REDUCTION OF F <= FACTR*EPSMCH,0.40217387676239014,0.5261695384979248,0.5587851405143738,0.35531753301620483,0.7945860624313354,0.7552884817123413
minimal-test-000352,3,20.0,8.531335999568304,0.012584526151146734,0.37290143966674805,0.5965765118598938,0.6141267418861389,0.2416936755180359,0.7930827736854553,0.7633721232414246,0.004408079101738735,7.853717803955078,7.890983143278101,True,8,315,CONVERGENCE: RELATIVE REDUCTION OF F <= FACTR*EPSMCH,0.36800500750541687,0.5536704659461975,0.5409345626831055,0.23326252400875092,0.768326461315155,0.7189395427703857
minimal-test-000044,0,2.0,1.522357704738776,0.004993345990356927,0.3681895434856415,0.6243113279342651,0.28107404708862305,0.8577905893325806,0.820262610912323,0.20655755698680878,0.0012117996708487318,1.0206999778747559,0.8065786873965938,True,5,238,CONVERGENCE: RELATIVE REDUCTION OF F <= FACTR*EPSMCH,0.3803810179233551,0.6310518980026245,0.2914659380912781,0.8614062666893005,0.8133108019828796,0.21219852566719055
minimal-test-000044,1,4.308869380063768,2.5271556923786798,0.0028451521539988546,0.3649243116378784,0.6254740357398987,0.29909631609916687,0.8700245022773743,0.8110372424125671,0.2131742238998413,0.0018750441353011793,2.201429843902588,1.8011435725347014,True,4,210,CONVERGENCE: RELATIVE REDUCTION OF F <= FACTR*EPSMCH,0.36450648307800293,0.6240106821060181,0.2941206693649292,0.8643032908439636,0.8127818703651428,0.21497060358524323
minimal-test-000044,2,9.283177667225555,6.141716470321019,0.012508316745815975,0.3825076222419739,0.5705936551094055,0.32597851753234863,0.8361323475837708,0.8136932253837585,0.24356240034103394,0.0006870858024582381,2.543123722076416,3.007209109772232,True,21,413,CONVERGENCE: RELATIVE REDUCTION OF F <= FACTR*EPSMCH,0.3878140151500702,0.6299076080322266,0.2901155352592468,0.8531906008720398,0.7915187478065491,0.2421063780784607
minimal-test-000044,3,20.0,15.872138882676762,0.015748301158698776,0.4697086215019226,0.4297826886177063,0.38552185893058777,0.840052604675293,0.8499900102615356,0.20988613367080688,0.007052458544692389,15.010826110839844,18.461925101725154,True,3,210,CONVERGENCE: RELATIVE REDUCTION OF F <= FACTR*EPSMCH,0.4557380676269531,0.42880162596702576,0.3505004346370697,0.8014745712280273,0.8270049095153809,0.1997794210910797
minimal-test-000146,0,2.0,2.425147498647372,0.0046221619775361125,0.3248373866081238,0.7390848398208618,0.47033706307411194,0.7982022166252136,0.803870677947998,0.6257858276367188,0.0004755076050027854,1.8267900943756104,2.031641906876657,True,5,280,CONVERGENCE: RELATIVE REDUCTION OF F <= FACTR*EPSMCH,0.32557281851768494,0.7497751712799072,0.46982869505882263,0.8009939789772034,0.7984764575958252,0.6137533187866211
minimal-test-000146,1,4.308869380063768,1.8618815888961158,0.0014337919604116157,0.33718153834342957,0.7433741688728333,0.4778839349746704,0.809938371181488,0.7958719730377197,0.6114382147789001,0.00011208527528658523,0.37675154209136963,0.326186116146413,True,8,238,CONVERGENCE: RELATIVE REDUCTION OF F <= FACTR*EPSMCH,0.33617517352104187,0.7508657574653625,0.4763109087944031,0.8001474142074585,0.8127921223640442,0.6060921549797058
minimal-test-000146,2,9.283177667225555,11.459758922457695,0.011448603951384475,0.2770281136035919,0.8218100666999817,0.510066568851471,0.8229454159736633,0.8176342844963074,0.49213165044784546,0.010855633920234762,9.163084983825684,7.908014994624387,True,3,140,CONVERGENCE: RELATIVE REDUCTION OF F <= FACTR*EPSMCH,0.2857085168361664,0.8067545890808105,0.5139674544334412,0.795539379119873,0.8160461187362671,0.5117574334144592
minimal-test-000146,3,20.0,9.823234871029854,0.010667941809076573,0.2900770902633667,0.6925190091133118,0.4630071222782135,0.8283369541168213,0.84861159324646,0.6839389801025391,0.009558821077450588,6.392915725708008,4.964232219152214,True,5,287,CONVERGENCE: RELATIVE REDUCTION OF F <= FACTR*EPSMCH,0.314744770526886,0.7119526267051697,0.4501236379146576,0.7791675925254822,0.8278658390045166,0.6533716917037964
minimal-test-000048,0,2.0,1.452424372235934,0.004459995088721763,0.168148010969162,0.6195126175880432,0.5778312683105469,0.6647942066192627,0.6288532018661499,0.8316448330879211,0.00035299659079318,1.3960038423538208,1.5542819968883093,True,8,273,CONVERGENCE: RELATIVE REDUCTION OF F <= FACTR*EPSMCH,0.16510087251663208,0.6026685237884521,0.5674231648445129,0.6654229164123535,0.6209216713905334,0.8299183249473572
minimal-test-000048,1,4.308869380063768,2.99314142515262,0.009395907259962808,0.15348704159259796,0.6038642525672913,0.5665248036384583,0.6917197108268738,0.6071582436561584,0.831102192401886,0.0008568188304733658,2.300661325454712,2.495230585881475,True,8,259,CONVERGENCE: RELATIVE REDUCTION OF F <= FACTR*EPSMCH,0.15755845606327057,0.6009048223495483,0.5728669166564941,0.6681725382804871,0.6102296710014343,0.8173825144767761
minimal-test-000048,2,9.283177667225555,8.032266887525717,0.009762559129043774,0.23381154239177704,0.6609007716178894,0.6175798177719116,0.6328175663948059,0.6376000046730042,0.8499900102615356,0.0007277687423008417,3.037431478500366,3.556855422268943,True,12,357,CONVERGENCE: RELATIVE REDUCTION OF F <= FACTR*EPSMCH,0.2204008400440216,0.6103717088699341,0.5872789025306702,0.6886378526687622,0.6213310956954956,0.8314134478569031
minimal-test-000048,3,20.0,6.0095906381805735,0.0037571732124222234,0.15001000463962555,0.6161714792251587,0.5321004986763,0.6291577816009521,0.608235776424408,0.8102329969406128,0.0007740427666164506,5.930771827697754,6.438443517047826,True,8,259,CONVERGENCE: RELATIVE REDUCTION OF F <= FACTR*EPSMCH,0.15000000596046448,0.6033875942230225,0.5145049691200256,0.6511722207069397,0.6108782887458801,0.7995007038116455
