period,residue,signal,mean_error,mae,std,mean_error_px,mae_px,std_px,count,std_definition
2,0,raw,-0.0002776291221380234,0.002576250210404396,0.0030692916756425897,-0.06191129423677921,0.5745037969201803,0.6844520436682975,80,sample_ddof1; count=1 written as 0; empty=nan
2,1,raw,-0.00015265773981809616,0.002497749961912632,0.0029371233260507084,-0.034042675979435444,0.5569982415065169,0.6549785017093079,80,sample_ddof1; count=1 written as 0; empty=nan
2,0,detrended,-6.404405346907087e-05,0.002539526093046124,0.003056794018640813,-0.01428182392360281,0.5663143187492857,0.6816650661569014,80,sample_ddof1; count=1 written as 0; empty=nan
2,1,detrended,6.404405346907126e-05,0.0025007280821709088,0.002942938416099271,0.014281823923602877,0.5576623623241128,0.6562752667901374,80,sample_ddof1; count=1 written as 0; empty=nan
4,0,raw,5.52058219909668e-05,0.0024687603116035463,0.0031358432537753095,0.012310898303985596,0.5505335494875908,0.699293045591894,40,sample_ddof1; count=1 written as 0; empty=nan
4,1,raw,-0.0005532369017601013,0.002500768005847931,0.0029389189943838717,-0.12337182909250259,0.5576712653040886,0.6553789357476033,40,sample_ddof1; count=1 written as 0; empty=nan
4,2,raw,-0.0006104640662670136,0.002683740109205246,0.0030036483296621134,-0.13613348677754403,0.5984740443527699,0.6698135775146513,40,sample_ddof1; count=1 written as 0; empty=nan
4,3,raw,0.000247921422123909,0.002494731917977333,0.0029168789897679064,0.0552864771336317,0.5563252177089453,0.6504640147182431,40,sample_ddof1; count=1 written as 0; empty=nan
4,0,detrended,0.0002656741660417043,0.0024155886733696454,0.003080369913658536,0.05924533902730007,0.5386762741614308,0.6869224907458537,40,sample_ddof1; count=1 written as 0; empty=nan
4,1,detrended,-0.0003396518330911489,0.00246807686109862,0.00291939887983866,-0.0757423587793262,0.5503811400249923,0.6510259502040211,40,sample_ddof1; count=1 written as 0; empty=nan
4,2,detrended,-0.0003937622729798461,0.002663463512722603,0.00303576789754716,-0.0878089868745057,0.5939523633371404,0.6769762411530166,40,sample_ddof1; count=1 written as 0; empty=nan
4,3,detrended,0.0004677399400292914,0.0025333793032431984,0.0029473138691353284,0.10430600662653197,0.5649435846232332,0.6572509928171782,40,sample_ddof1; count=1 written as 0; empty=nan
8,0,raw,0.0003434762358665466,0.002324317395687103,0.0031129651649398843,0.0765952005982399,0.518322779238224,0.6941912317815943,20,sample_ddof1; count=1 written as 0; empty=nan
8,1,raw,-0.0004869535565376282,0.0023470416665077208,0.0028333949812975696,-0.10859064310789109,0.5233902916312217,0.6318470808293579,20,sample_ddof1; count=1 written as 0; empty=nan
8,2,raw,-0.0006106548011302948,0.002679026871919632,0.0029993523673593307,-0.13617602065205575,0.597422992438078,0.6688555779211307,20,sample_ddof1; count=1 written as 0; empty=nan
8,3,raw,0.00017155781388282775,0.002541375905275345,0.0029307540753064493,0.03825739249587059,0.5667268268764019,0.6535581587933381,20,sample_ddof1; count=1 written as 0; empty=nan
8,4,raw,-0.00023306459188461305,0.002613203227519989,0.0032123324864995056,-0.05197340399026871,0.5827443197369575,0.7163501444893898,20,sample_ddof1; count=1 written as 0; empty=nan
8,5,raw,-0.0006195202469825745,0.002654494345188141,0.0031131503320718634,-0.1381530150771141,0.5919522389769554,0.6942325240520257,20,sample_ddof1; count=1 written as 0; empty=nan
8,6,raw,-0.0006102733314037323,0.00268845334649086,0.003085859506128511,-0.1360909529030323,0.5995250962674618,0.688146669866658,20,sample_ddof1; count=1 written as 0; empty=nan
8,7,raw,0.00032428503036499026,0.002448087930679321,0.0029770067360380494,0.07231556177139283,0.5459236085414887,0.663872502136485,20,sample_ddof1; count=1 written as 0; empty=nan
8,0,detrended,0.0005477111306808543,0.0023250833952394084,0.0030516205477499948,0.12213958214183049,0.518493597138388,0.6805113821482489,20,sample_ddof1; count=1 written as 0; empty=nan
8,1,detrended,-0.0002796019371051057,0.0023331032196738915,0.002812582366462951,-0.06235123197443852,0.5202820179872778,0.627205867721238,20,sample_ddof1; count=1 written as 0; empty=nan
8,2,detrended,-0.00040018645707955733,0.002699120802474996,0.0030549535344664295,-0.08924157992874131,0.6019039389519241,0.6812546381860137,20,sample_ddof1; count=1 written as 0; empty=nan
8,3,detrended,0.00038514288255178024,0.0025688030819156367,0.002965450617232665,0.08588686280904698,0.5728430872671869,0.6612954876428843,20,sample_ddof1; count=1 written as 0; empty=nan
8,4,detrended,-1.6362798597445606e-05,0.0025060939514998824,0.003161789200632344,-0.0036489040872303632,0.5588589511844738,0.7050789917410126,20,sample_ddof1; count=1 written as 0; empty=nan
8,5,detrended,-0.000399701729077192,0.002603050502523349,0.0030945341590547745,-0.08913348558421388,0.5804802620627068,0.6900811174692146,20,sample_ddof1; count=1 written as 0; empty=nan
8,6,detrended,-0.000387338088880135,0.0026278062229702108,0.0030958023423955576,-0.0863763938202701,0.586000787722357,0.6903639223542094,20,sample_ddof1; count=1 written as 0; empty=nan
8,7,detrended,0.0005503369975068025,0.0024979555245707606,0.0030037061478225876,0.12272515044401695,0.5570440819792796,0.669826470964437,20,sample_ddof1; count=1 written as 0; empty=nan
16,0,raw,0.0011517807841300964,0.0024668678641319277,0.0032873703991253174,0.2568471148610115,0.5501115337014199,0.7330835990049459,10,sample_ddof1; count=1 written as 0; empty=nan
16,1,raw,0.0004528671503067017,0.002345934510231018,0.0028611542953193084,0.10098937451839447,0.523143395781517,0.6380374078562059,10,sample_ddof1; count=1 written as 0; empty=nan
16,2,raw,0.00023245513439178466,0.0025279492139816282,0.0030405409112390677,0.05183749496936798,0.5637326747179031,0.6780406232063121,10,sample_ddof1; count=1 written as 0; empty=nan
16,3,raw,0.0009701460599899292,0.0027937918901443483,0.0032078585746505494,0.2163425713777542,0.6230155915021897,0.7153524621470726,10,sample_ddof1; count=1 written as 0; empty=nan
16,4,raw,0.0003616631031036377,0.003051459789276123,0.0037606458458591782,0.08065087199211121,0.6804755330085754,0.8386240236265968,10,sample_ddof1; count=1 written as 0; empty=nan
16,5,raw,-0.0003562629222869873,0.0029049694538116457,0.003592917300577089,-0.07944663166999817,0.647808188199997,0.8012205580286909,10,sample_ddof1; count=1 written as 0; empty=nan
16,6,raw,-0.0005546420812606812,0.0026793867349624635,0.0032941684546666126,-0.1236851841211319,0.5975032418966293,0.7345995653906546,10,sample_ddof1; count=1 written as 0; empty=nan
16,7,raw,3.1527876853942874e-05,0.0024251192808151245,0.002867220272763553,0.007030716538429261,0.5408015996217728,0.6393901208262723,10,sample_ddof1; count=1 written as 0; empty=nan
16,8,raw,-0.00046482831239700315,0.002181766927242279,0.0028634114874893915,-0.1036567136645317,0.4865340247750282,0.6385407617101343,10,sample_ddof1; count=1 written as 0; empty=nan
16,9,raw,-0.001426774263381958,0.002348148822784424,0.0026075386637363193,-0.31817066073417666,0.5236371874809265,0.5814811220131992,10,sample_ddof1; count=1 written as 0; empty=nan
16,10,raw,-0.0014537647366523743,0.0028301045298576356,0.002857844745108706,-0.32418953627347946,0.6311133101582527,0.6372993781592414,10,sample_ddof1; count=1 written as 0; empty=nan
16,11,raw,-0.0006270304322242737,0.0022889599204063416,0.0025348459540646645,-0.13982778638601304,0.5104380622506142,0.5652706477564202,10,sample_ddof1; count=1 written as 0; empty=nan
16,12,raw,-0.0008277922868728637,0.002174946665763855,0.002618447055605034,-0.18459767997264862,0.4850131064653397,0.5839136933999225,10,sample_ddof1; count=1 written as 0; empty=nan
16,13,raw,-0.0008827775716781616,0.0024040192365646362,0.0027197796861819327,-0.19685939848423004,0.5360962897539139,0.6065108700185708,10,sample_ddof1; count=1 written as 0; empty=nan
16,14,raw,-0.0006659045815467834,0.0026975199580192566,0.0030405087284563837,-0.14849672168493272,0.6015469506382942,0.6780334464457737,10,sample_ddof1; count=1 written as 0; empty=nan
16,15,raw,0.0006170421838760376,0.002471056580543518,0.003209120841364984,0.13760040700435638,0.5510456174612045,0.7156339476243914,10,sample_ddof1; count=1 written as 0; empty=nan
16,0,detrended,0.001343548780471544,0.002459261297156296,0.003211607300436242,0.29961137804515436,0.548415269265854,0.716188427997282,10,sample_ddof1; count=1 written as 0; empty=nan
16,1,detrended,0.0006477518712663643,0.0023277744419412617,0.0028289982933733665,0.14444866729239925,0.5190937005529013,0.6308666194222606,10,sample_ddof1; count=1 written as 0; empty=nan
16,2,detrended,0.00043045657996966237,0.002552883010927348,0.0030877689804536274,0.09599181733323471,0.5692929114367986,0.688572482641159,10,sample_ddof1; count=1 written as 0; empty=nan
16,3,detrended,0.0011712642301860217,0.002834015524183567,0.003238797921314601,0.2611919233314829,0.6319854618929354,0.7222519364531559,10,sample_ddof1; count=1 written as 0; empty=nan
16,4,detrended,0.0005658979979179452,0.0029946894898485025,0.003702790185626344,0.12619525353570177,0.667815756236216,0.8257222113946747,10,sample_ddof1; count=1 written as 0; empty=nan
16,5,detrended,-0.00014891130285446495,0.0028700621380876377,0.0035660521892423337,-0.03320722053654564,0.6400238567935432,0.7952296382010404,10,sample_ddof1; count=1 written as 0; empty=nan
16,6,detrended,-0.00034417373720994356,0.0026273195473740284,0.0032893180217987623,-0.07675074339781743,0.5858922590644082,0.7335179188611239,10,sample_ddof1; count=1 written as 0; empty=nan
16,7,detrended,0.00024511294552289535,0.0024500530777608444,0.002871525626375708,0.054660186851605654,0.5463618363406681,0.6403502146817829,10,sample_ddof1; count=1 written as 0; empty=nan
16,8,detrended,-0.00024812651910983567,0.0021909054933225204,0.002817375197179182,-0.05533221376149339,0.4885719250109221,0.6282746689709575,10,sample_ddof1; count=1 written as 0; empty=nan
16,9,detrended,-0.0012069557454765757,0.0023384319974065217,0.0026049736185787663,-0.2691511312412763,0.5214703354216543,0.5809091169430648,10,sample_ddof1; count=1 written as 0; empty=nan
16,10,detrended,-0.001230829494128777,0.0028453585940226437,0.0029385156545325914,-0.27447497719071723,0.6345149664670494,0.6552889909607679,10,sample_ddof1; count=1 written as 0; empty=nan
16,11,detrended,-0.00040097846508246117,0.0023035906396477067,0.0025887793490269313,-0.08941819771338891,0.5137007126414386,0.5772977948330057,10,sample_ddof1; count=1 written as 0; empty=nan
16,12,detrended,-0.0005986235951128366,0.0020174984131512627,0.002576924499893435,-0.13349306171016256,0.44990214613273166,0.574654163476236,10,sample_ddof1; count=1 written as 0; empty=nan
16,13,detrended,-0.0006504921552999193,0.0023360388669590587,0.0027128955597761845,-0.14505975063188203,0.5209366673318703,0.6049757098300892,10,sample_ddof1; count=1 written as 0; empty=nan
16,14,detrended,-0.0004305024405503263,0.0026282928985663936,0.003067428710727917,-0.09600204424272274,0.5861093163803057,0.6840366024923255,10,sample_ddof1; count=1 written as 0; empty=nan
16,15,detrended,0.0008555610494907096,0.002545857971380677,0.0032548867975245375,0.19079011403642826,0.5677263276178911,0.7258397558479718,10,sample_ddof1; count=1 written as 0; empty=nan
32,0,raw,0.00182780921459198,0.0026286929845809937,0.003076773169316697,0.40760145485401156,0.5861985355615615,0.6861204167576235,5,sample_ddof1; count=1 written as 0; empty=nan
32,1,raw,0.0007855355739593506,0.0021319568157196047,0.002495270763783492,0.17517443299293517,0.4754263699054718,0.5564453803237187,5,sample_ddof1; count=1 written as 0; empty=nan
32,2,raw,0.00011250674724578857,0.00191400945186615,0.0025287395122345693,0.025089004635810853,0.42682410776615143,0.563908911228309,5,sample_ddof1; count=1 written as 0; empty=nan
32,3,raw,0.0006209254264831543,0.0021502017974853516,0.0024910386612845645,0.13846637010574342,0.4794950008392334,0.5555016214664579,5,sample_ddof1; count=1 written as 0; empty=nan
32,4,raw,0.0001817971467971802,0.003189137578010559,0.0041457443980771275,0.04054076373577118,0.7111776798963547,0.9245010007711993,5,sample_ddof1; count=1 written as 0; empty=nan
32,5,raw,-0.0007390230894088745,0.002809777855873108,0.0036485014536258723,-0.16480214893817902,0.6265804618597031,0.8136158241585696,5,sample_ddof1; count=1 written as 0; empty=nan
32,6,raw,-0.0008707463741302491,0.0024597704410552978,0.0031795268555266138,-0.19417644143104554,0.5485288083553315,0.709034488782435,5,sample_ddof1; count=1 written as 0; empty=nan
32,7,raw,-9.847581386566163e-05,0.002220752835273743,0.0029027371837692063,-0.021960106492042542,0.49522788226604464,0.6473103919805331,5,sample_ddof1; count=1 written as 0; empty=nan
32,8,raw,-0.0003889590501785278,0.0024164050817489626,0.003527751866637805,-0.0867378681898117,0.5388583332300186,0.7866886662602305,5,sample_ddof1; count=1 written as 0; empty=nan
32,9,raw,-0.0012641191482543946,0.0026581168174743654,0.003041008876410292,-0.28189857006073,0.5927600502967835,0.6781449794394951,5,sample_ddof1; count=1 written as 0; empty=nan
32,10,raw,-0.001260802149772644,0.002636638283729553,0.0028709229746960983,-0.2811588793992996,0.5879703372716903,0.6402158233572299,5,sample_ddof1; count=1 written as 0; empty=nan
32,11,raw,-0.000324675440788269,0.0023148924112319945,0.0027621409201672854,-0.072402623295784,0.5162210077047348,0.6159574251973047,5,sample_ddof1; count=1 written as 0; empty=nan
32,12,raw,-0.000659477710723877,0.0027465105056762697,0.0034309690849905054,-0.14706352949142457,0.6124718427658081,0.7651061059528828,5,sample_ddof1; count=1 written as 0; empty=nan
32,13,raw,-0.0011694133281707764,0.00297052264213562,0.00334775739814279,-0.26077917218208313,0.6624265491962433,0.7465498997858421,5,sample_ddof1; count=1 written as 0; empty=nan
32,14,raw,-0.0012949138879776,0.002908346056938171,0.003291337887294872,-0.28876579701900484,0.6485611706972122,0.7339683488667564,5,sample_ddof1; count=1 written as 0; empty=nan
32,15,raw,-4.3392181396484375e-05,0.002341163158416748,0.0032858281100044662,-0.009676456451416016,0.5220793843269348,0.7327396685309959,5,sample_ddof1; count=1 written as 0; empty=nan
32,16,raw,0.0004757523536682129,0.002305042743682861,0.0037021939556083545,0.10609277486801147,0.514024531841278,0.825589252100663,5,sample_ddof1; count=1 written as 0; empty=nan
32,17,raw,0.00012019872665405273,0.0025599122047424315,0.003451943205474678,0.02680431604385376,0.5708604216575622,0.7697833348208533,5,sample_ddof1; count=1 written as 0; empty=nan
32,18,raw,0.0003524035215377808,0.003141888976097107,0.0037908452572458008,0.07858598530292511,0.7006412416696548,0.8453584923658135,5,sample_ddof1; count=1 written as 0; empty=nan
32,19,raw,0.001319366693496704,0.0034373819828033446,0.004079600616417776,0.29421877264976504,0.7665361821651459,0.909750937461164,5,sample_ddof1; count=1 written as 0; empty=nan
32,20,raw,0.0005415290594100952,0.002913782000541687,0.0038147677033690125,0.12076098024845124,0.6497733861207962,0.8506931978512897,5,sample_ddof1; count=1 written as 0; empty=nan
32,21,raw,2.6497244834899903e-05,0.003000161051750183,0.003920146287936307,0.005908885598182678,0.6690359145402909,0.8741926222097963,5,sample_ddof1; count=1 written as 0; empty=nan
32,22,raw,-0.00023853778839111328,0.0028990030288696287,0.0037492375534807086,-0.05319392681121826,0.6464776754379272,0.8360799744261981,5,sample_ddof1; count=1 written as 0; empty=nan
32,23,raw,0.00016153156757354737,0.002629485726356506,0.003166860693366697,0.03602153956890106,0.5863753169775009,0.7062099346207734,5,sample_ddof1; count=1 written as 0; empty=nan
32,24,raw,-0.0005406975746154785,0.0019471287727355958,0.002447163344589714,-0.1205755591392517,0.43420971632003785,0.5457174258435062,5,sample_ddof1; count=1 written as 0; empty=nan
32,25,raw,-0.0015894293785095215,0.0020381808280944824,0.0024463142753702845,-0.35444275140762327,0.4545143246650696,0.5455280834075734,5,sample_ddof1; count=1 written as 0; empty=nan
32,26,raw,-0.0016467273235321045,0.0030235707759857177,0.0031687674566937,-0.3672201931476593,0.6742562830448151,0.7066351428426951,5,sample_ddof1; count=1 written as 0; empty=nan
32,27,raw,-0.0009293854236602783,0.0022630274295806887,0.0025689064228592005,-0.20725294947624207,0.5046551167964936,0.5728661322976017,5,sample_ddof1; count=1 written as 0; empty=nan
32,28,raw,-0.0009961068630218507,0.0016033828258514404,0.001893204388924738,-0.2221318304538727,0.35755437016487124,0.42218457873021653,5,sample_ddof1; count=1 written as 0; empty=nan
32,29,raw,-0.0005961418151855469,0.0018375158309936524,0.002287099413888198,-0.13293962478637694,0.4097660303115845,0.5100231692970681,5,sample_ddof1; count=1 written as 0; empty=nan
32,30,raw,-3.68952751159668e-05,0.002486693859100342,0.002996418383722418,-0.008227646350860596,0.5545327305793762,0.6682012995700992,5,sample_ddof1; count=1 written as 0; empty=nan
32,31,raw,0.0012774765491485596,0.002600950002670288,0.0033592301271287085,0.2848772704601288,0.5800118505954742,0.749108318349702,5,sample_ddof1; count=1 written as 0; empty=nan
32,0,detrended,0.001994643413987708,0.002656820209287164,0.003001031760687936,0.44480548131925896,0.5924709066710375,0.6692300826334098,5,sample_ddof1; count=1 written as 0; empty=nan
32,1,detrended,0.0009554864979732935,0.0021260529254092412,0.0024638382490289345,0.2130734890480445,0.4741098023662609,0.5494359295334524,5,sample_ddof1; count=1 written as 0; empty=nan
32,2,detrended,0.00028557439587794666,0.0018793959221397184,0.002566725930168712,0.06368309028078209,0.41910529063715724,0.5723798824276228,5,sample_ddof1; count=1 written as 0; empty=nan
32,3,detrended,0.0007971097997335272,0.0021455445970222746,0.0024619295201273672,0.17775548534057656,0.4784564451359672,0.5490102829884028,5,sample_ddof1; count=1 written as 0; empty=nan
32,4,detrended,0.00036109824466576835,0.003033595133097387,0.004016515217738944,0.0805249085604663,0.6764917146807173,0.8956828935557843,5,sample_ddof1; count=1 written as 0; empty=nan
32,5,detrended,-0.0005566052669220717,0.002653612066036293,0.003529994677491322,-0.12412297452362195,0.5917554907260933,0.7871888130805649,5,sample_ddof1; count=1 written as 0; empty=nan
32,6,detrended,-0.0006852118270252313,0.002268661562565984,0.003080851549421199,-0.15280223742662655,0.5059115284522144,0.6870298955209274,5,sample_ddof1; count=1 written as 0; empty=nan
32,7,detrended,9.017545785757128e-05,0.002183022580929096,0.0028304020899264652,0.02010912710223838,0.48681403554718844,0.6311796660536018,5,sample_ddof1; count=1 written as 0; empty=nan
32,8,detrended,-0.00019719105383708026,0.002346461020749716,0.0034274611681599254,-0.04397360500566892,0.5232608076271866,0.7643238404996634,5,sample_ddof1; count=1 written as 0; empty=nan
32,9,detrended,-0.0010692344272947318,0.0026191398732824324,0.0029788316955623503,-0.23843927728672515,0.5840681917419823,0.6642794681104042,5,sample_ddof1; count=1 written as 0; empty=nan
32,10,detrended,-0.0010628007041947663,0.002597037994613978,0.002917427115206444,-0.23700455703543288,0.579139472798917,0.6505862466910369,5,sample_ddof1; count=1 written as 0; empty=nan
32,11,detrended,-0.00012355727059217646,0.002274668777192776,0.002781224143437359,-0.027553271342055364,0.5072511373139891,0.620212983986531,5,sample_ddof1; count=1 written as 0; empty=nan
32,12,detrended,-0.0004552428159095694,0.002544181418561382,0.0033481687510918097,-0.10151914794783398,0.5673524563391882,0.7466416314934734,5,sample_ddof1; count=1 written as 0; empty=nan
32,13,detrended,-0.000962061708738254,0.002766323520249804,0.0032723768288127745,-0.2145397610486306,0.6168901450157062,0.7297400328252487,5,sample_ddof1; count=1 written as 0; empty=nan
32,14,detrended,-0.0010844455439268624,0.0027022769002814258,0.0032339089319120794,-0.24183135629569028,0.6026077487627579,0.7211616918163937,5,sample_ddof1; count=1 written as 0; empty=nan
32,15,detrended,0.00017019288727246804,0.0024237742472636896,0.003246479625750574,0.03795301386176037,0.5405016571398029,0.7239649565423779,5,sample_ddof1; count=1 written as 0; empty=nan
32,16,detrended,0.0006924541469553803,0.0022617023850254278,0.0036251132512437416,0.1544172747710498,0.5043596318606703,0.8084002550273545,5,sample_ddof1; count=1 written as 0; empty=nan
32,17,detrended,0.0003400172445594351,0.002529495958473281,0.0034205292142053243,0.075823845536754,0.5640775987395416,0.7627780147677874,5,sample_ddof1; count=1 written as 0; empty=nan
32,18,detrended,0.000575338764061378,0.0032263700997149777,0.0038485912687238914,0.12830054438568728,0.71948053223644,0.8582358529254278,5,sample_ddof1; count=1 written as 0; empty=nan
32,19,detrended,0.0015454186606385166,0.003522486451344858,0.004146203219495983,0.34462836132238917,0.7855144786499035,0.9246033179476043,5,sample_ddof1; count=1 written as 0; empty=nan
32,20,detrended,0.0007706977511701223,0.0029557838465996173,0.00382252825569352,0.1718655985109373,0.6591397977917147,0.8524238010196549,5,sample_ddof1; count=1 written as 0; empty=nan
32,21,detrended,0.00025878266121314217,0.003086512210138983,0.003966893008758886,0.05770853345053071,0.6882922228609931,0.8846171409532315,5,sample_ddof1; count=1 written as 0; empty=nan
32,22,detrended,-3.1356473946562297e-06,0.0029859775321820718,0.0038159816093450484,-0.0006992493690083146,0.665872989676602,0.8509638988839456,5,sample_ddof1; count=1 written as 0; empty=nan
32,23,detrended,0.0004000504331882194,0.002717083574592592,0.0032375212197339642,0.08921124660097295,0.605909637134148,0.7219672320006739,5,sample_ddof1; count=1 written as 0; empty=nan
32,24,detrended,-0.0002990619843825914,0.0020353499658953248,0.002470957433967731,-0.06669082251731787,0.4538830423946574,0.5510235077748039,5,sample_ddof1; count=1 written as 0; empty=nan
32,25,detrended,-0.0013446770636584197,0.0020577241215306115,0.0025194028699603225,-0.29986298519582755,0.4588724791013263,0.5618268400011519,5,sample_ddof1; count=1 written as 0; empty=nan
32,26,detrended,-0.0013988582840627874,0.003093679193431309,0.0032934027856748663,-0.3119453973460016,0.6898904601351818,0.7344288212054952,5,sample_ddof1; count=1 written as 0; empty=nan
32,27,detrended,-0.0006783996595727463,0.0023325125021026365,0.002674207851208236,-0.15128312408472247,0.5201502879688881,0.5963483508194366,5,sample_ddof1; count=1 written as 0; empty=nan
32,28,detrended,-0.0007420043743161036,0.0014908154077411437,0.0019182246011454952,-0.16546697547249112,0.33245183592627503,0.4277640860554454,5,sample_ddof1; count=1 written as 0; empty=nan
32,29,detrended,-0.00033892260186158495,0.0019057542136683143,0.002368209479700825,-0.07557974021513345,0.4249831896480341,0.5281107139732839,5,sample_ddof1; count=1 written as 0; empty=nan
32,30,detrended,0.00022344066282620981,0.002554308896851361,0.0031053577215210296,0.049827267810244824,0.5696108839978534,0.6924947718991896,5,sample_ddof1; count=1 written as 0; empty=nan
32,31,detrended,0.0015409292117089515,0.0026679416954976643,0.0034818377892579014,0.3436272142110962,0.5949509980959791,0.776449827004512,5,sample_ddof1; count=1 written as 0; empty=nan
